observation_id,article_id,company_id,observation_date,observation_year,observation_quarter,observation_year_month,arr_usd_M,arr_usd
ARR0001,ART0661,COMP001,18-01-2024,2024,1,2024-01,7878,7878000000
ARR0002,ART0118,COMP001,27-02-2020,2020,1,2020-02,2600,2600000000
ARR0003,ART0504,COMP001,27-11-2023,2023,4,2023-11,7800,7800000000
ARR0004,ART0398,COMP001,24-06-2022,2022,2,2022-06,5600,5600000000
ARR0005,ART0133,COMP001,04-04-2021,2021,2,2021-04,3800,3800000000
ARR0006,ART0531,COMP001,21-06-2024,2024,2,2024-06,7722,7722000000
ARR0007,ART0565,COMP001,20-11-2024,2024,4,2024-11,8190,8190000000
ARR0008,ART0591,COMP001,23-02-2024,2024,1,2024-02,7878,7878000000
ARR0009,ART0437,COMP001,10-01-2021,2021,1,2021-01,3400,3400000000
ARR0010,ART0378,COMP001,11-11-2020,2020,4,2020-11,3000,3000000000
ARR0011,ART0094,COMP001,13-02-2023,2023,1,2023-02,6600,6600000000
ARR0012,ART0625,COMP001,18-01-2023,2023,1,2023-01,6600,6600000000
ARR0013,ART0082,COMP001,10-08-2023,2023,3,2023-08,7400,7400000000
ARR0014,ART0476,COMP001,10-01-2020,2020,1,2020-01,2600,2600000000
ARR0015,ART0697,COMP001,02-07-2023,2023,3,2023-07,7400,7400000000
ARR0016,ART0077,COMP001,28-08-2021,2021,3,2021-08,4200,4200000000
ARR0017,ART0429,COMP001,11-09-2021,2021,3,2021-09,4200,4200000000
ARR0018,ART0117,COMP002,09-07-2022,2022,3,2022-07,78000,78000000000
ARR0019,ART0278,COMP002,18-07-2020,2020,3,2020-07,45500,45500000000
ARR0020,ART0114,COMP002,19-11-2023,2023,4,2023-11,95000,95000000000
ARR0021,ART0666,COMP002,25-05-2024,2024,2,2024-05,98800,98800000000
ARR0022,ART0473,COMP002,27-01-2022,2022,1,2022-01,70000,70000000000
ARR0023,ART0660,COMP002,23-10-2024,2024,4,2024-10,102600,102600000000
ARR0024,ART0670,COMP002,27-09-2024,2024,3,2024-09,100700,100700000000
ARR0025,ART0623,COMP002,20-12-2024,2024,4,2024-12,102600,102600000000
ARR0026,ART0501,COMP002,04-10-2024,2024,4,2024-10,102600,102600000000
ARR0027,ART0590,COMP002,20-01-2022,2022,1,2022-01,70000,70000000000
ARR0028,ART0080,COMP002,27-09-2020,2020,3,2020-09,45500,45500000000
ARR0029,ART0513,COMP002,04-03-2024,2024,1,2024-03,98800,98800000000
ARR0030,ART0530,COMP002,06-03-2024,2024,1,2024-03,96900,96900000000
ARR0031,ART0495,COMP002,09-04-2021,2021,2,2021-04,58000,58000000000
ARR0032,ART0503,COMP002,09-06-2024,2024,2,2024-06,98800,98800000000
ARR0033,ART0369,COMP002,15-08-2023,2023,3,2023-08,92000,92000000000
ARR0034,ART0233,COMP002,22-11-2022,2022,4,2022-11,81000,81000000000
ARR0035,ART0696,COMP002,02-04-2023,2023,2,2023-04,88500,88500000000
ARR0036,ART0375,COMP002,27-03-2020,2020,1,2020-03,38000,38000000000
ARR0037,ART0246,COMP002,15-10-2021,2021,4,2021-10,65000,65000000000
ARR0038,ART0272,COMP002,11-11-2023,2023,4,2023-11,95000,95000000000
ARR0039,ART0247,COMP002,22-05-2021,2021,2,2021-05,58000,58000000000
ARR0040,ART0564,COMP002,28-07-2024,2024,3,2024-07,100700,100700000000
ARR0041,ART0285,COMP002,09-02-2020,2020,1,2020-02,38000,38000000000
ARR0042,ART0157,COMP003,03-09-2021,2021,3,2021-09,45,45000000
ARR0043,ART0311,COMP003,22-10-2021,2021,4,2021-10,70,70000000
ARR0044,ART0086,COMP003,19-07-2021,2021,3,2021-07,45,45000000
ARR0045,ART0452,COMP003,20-08-2021,2021,3,2021-08,45,45000000
ARR0046,ART0534,COMP003,28-02-2023,2023,1,2023-02,320,320000000
ARR0047,ART0631,COMP003,09-01-2024,2024,1,2024-01,602,602000000
ARR0048,ART0314,COMP003,19-10-2021,2021,4,2021-10,70,70000000
ARR0049,ART0249,COMP003,17-05-2023,2023,2,2023-05,380,380000000
ARR0050,ART0701,COMP003,26-02-2024,2024,1,2024-02,602,602000000
ARR0051,ART0250,COMP003,29-10-2020,2020,4,2020-10,12,12000000
ARR0052,ART0570,COMP003,17-11-2024,2024,4,2024-11,1034,1034000000
ARR0053,ART0141,COMP003,25-02-2022,2022,1,2022-02,95,95000000
ARR0054,ART0410,COMP003,31-01-2020,2020,1,2020-01,5,5000000
ARR0055,ART0330,COMP003,27-02-2021,2021,1,2021-02,18,18000000
ARR0056,ART0457,COMP003,24-12-2022,2022,4,2022-12,250,250000000
ARR0057,ART0729,COMP003,11-08-2023,2023,3,2023-08,430,430000000
ARR0058,ART0668,COMP003,03-10-2024,2024,4,2024-10,1034,1034000000
ARR0059,ART0597,COMP003,20-08-2024,2024,3,2024-08,884,884000000
ARR0060,ART0468,COMP003,21-02-2020,2020,1,2020-02,5,5000000
ARR0061,ART0173,COMP003,25-04-2022,2022,2,2022-04,130,130000000
ARR0062,ART0261,COMP003,19-06-2022,2022,2,2022-06,130,130000000
ARR0063,ART0307,COMP003,30-06-2021,2021,2,2021-06,28,28000000
ARR0064,ART0170,COMP003,28-10-2022,2022,4,2022-10,250,250000000
ARR0065,ART0431,COMP003,04-03-2022,2022,1,2022-03,95,95000000
ARR0066,ART0226,COMP003,11-03-2022,2022,1,2022-03,95,95000000
ARR0067,ART0142,COMP004,15-10-2022,2022,4,2022-10,1010,1010000000
ARR0068,ART0563,COMP004,21-08-2024,2024,3,2024-08,1566,1566000000
ARR0069,ART0100,COMP004,28-09-2023,2023,3,2023-09,1260,1260000000
ARR0070,ART0119,COMP004,14-06-2023,2023,2,2023-06,1180,1180000000
ARR0071,ART0485,COMP004,19-06-2020,2020,2,2020-06,420,420000000
ARR0072,ART0610,COMP004,08-04-2024,2024,2,2024-04,1499,1499000000
ARR0073,ART0085,COMP004,15-04-2022,2022,2,2022-04,875,875000000
ARR0074,ART0644,COMP004,14-12-2024,2024,4,2024-12,1647,1647000000
ARR0075,ART0516,COMP004,15-07-2022,2022,3,2022-07,945,945000000
ARR0076,ART0045,COMP004,22-08-2020,2020,3,2020-08,455,455000000
ARR0077,ART0294,COMP004,21-10-2023,2023,4,2023-10,1350,1350000000
ARR0078,ART0336,COMP004,25-03-2021,2021,1,2021-03,560,560000000
ARR0079,ART0498,COMP004,27-07-2022,2022,3,2022-07,945,945000000
ARR0080,ART0300,COMP004,09-07-2023,2023,3,2023-07,1260,1260000000
ARR0081,ART0679,COMP004,23-12-2024,2024,4,2024-12,1647,1647000000
ARR0082,ART0038,COMP004,05-04-2021,2021,2,2021-04,620,620000000
ARR0083,ART0075,COMP004,20-10-2020,2020,4,2020-10,500,500000000
ARR0084,ART0334,COMP004,24-04-2023,2023,2,2023-04,1180,1180000000
ARR0085,ART0364,COMP004,20-04-2020,2020,2,2020-04,420,420000000
ARR0086,ART0551,COMP004,23-02-2024,2024,1,2024-02,1431,1431000000
ARR0087,ART0580,COMP004,15-05-2023,2023,2,2023-05,1180,1180000000
ARR0088,ART0377,COMP004,06-05-2023,2023,2,2023-05,1180,1180000000
ARR0089,ART0726,COMP004,06-03-2024,2024,1,2024-03,1431,1431000000
ARR0090,ART0181,COMP004,14-01-2020,2020,1,2020-01,390,390000000
ARR0091,ART0712,COMP004,03-11-2024,2024,4,2024-11,1647,1647000000
ARR0092,ART0184,COMP004,13-08-2023,2023,3,2023-08,1260,1260000000
ARR0093,ART0653,COMP004,18-04-2024,2024,2,2024-04,1499,1499000000
ARR0094,ART0368,COMP004,19-01-2020,2020,1,2020-01,390,390000000
ARR0095,ART0692,COMP005,10-06-2024,2024,2,2024-06,105,105000000
ARR0096,ART0536,COMP005,05-11-2023,2023,4,2023-11,116,116000000
ARR0097,ART0595,COMP005,04-09-2022,2022,3,2022-09,47,47000000
ARR0098,ART0750,COMP005,15-07-2024,2024,3,2024-07,135,135000000
ARR0099,ART0604,COMP005,09-06-2024,2024,2,2024-06,135,135000000
ARR0100,ART0518,COMP005,23-09-2023,2023,3,2023-09,92,92000000
ARR0101,ART0243,COMP006,19-03-2022,2022,1,2022-03,600,600000000
ARR0102,ART0014,COMP006,15-01-2020,2020,1,2020-01,260,260000000
ARR0103,ART0686,COMP006,14-01-2023,2023,1,2023-01,790,790000000
ARR0104,ART0004,COMP006,13-12-2023,2023,4,2023-12,980,980000000
ARR0105,ART0242,COMP006,14-06-2021,2021,2,2021-06,455,455000000
ARR0106,ART0483,COMP006,08-05-2022,2022,2,2022-05,655,655000000
ARR0107,ART0209,COMP006,27-03-2021,2021,1,2021-03,390,390000000
ARR0108,ART0204,COMP006,03-07-2022,2022,3,2022-07,600,600000000
ARR0109,ART0237,COMP006,07-05-2020,2020,2,2020-05,285,285000000
ARR0110,ART0327,COMP006,09-04-2022,2022,2,2022-04,655,655000000
ARR0111,ART0525,COMP006,15-04-2023,2023,2,2023-04,860,860000000
ARR0112,ART0584,COMP006,13-03-2024,2024,1,2024-03,1019,1019000000
ARR0113,ART0747,COMP006,26-01-2022,2022,1,2022-01,600,600000000
ARR0114,ART0555,COMP006,27-10-2024,2024,4,2024-10,1156,1156000000
ARR0115,ART0046,COMP006,07-02-2022,2022,1,2022-02,600,600000000
ARR0116,ART0230,COMP006,06-06-2020,2020,2,2020-06,285,285000000
ARR0117,ART0488,COMP006,11-03-2023,2023,1,2023-03,980,980000000
ARR0118,ART0277,COMP006,17-03-2023,2023,1,2023-03,790,790000000
ARR0119,ART0199,COMP006,19-10-2023,2023,4,2023-10,980,980000000
ARR0120,ART0130,COMP006,20-12-2022,2022,4,2022-12,735,735000000
ARR0121,ART0262,COMP006,02-07-2023,2023,3,2023-07,790,790000000
ARR0122,ART0192,COMP006,13-12-2020,2020,4,2020-12,340,340000000
ARR0123,ART0019,COMP006,15-01-2023,2023,1,2023-01,790,790000000
ARR0124,ART0324,COMP006,04-03-2023,2023,1,2023-03,790,790000000
ARR0125,ART0096,COMP006,28-05-2022,2022,2,2022-05,655,655000000
ARR0126,ART0420,COMP006,29-12-2020,2020,4,2020-12,340,340000000
ARR0127,ART0651,COMP006,10-04-2024,2024,2,2024-04,1156,1156000000
ARR0128,ART0615,COMP006,04-02-2023,2023,1,2023-02,790,790000000
ARR0129,ART0391,COMP006,22-04-2021,2021,2,2021-04,455,455000000
ARR0130,ART0335,COMP006,24-04-2020,2020,2,2020-04,285,285000000
ARR0131,ART0177,COMP006,25-10-2020,2020,4,2020-10,340,340000000
ARR0132,ART0718,COMP006,16-02-2024,2024,1,2024-02,1019,1019000000
ARR0133,ART0357,COMP006,25-03-2023,2023,1,2023-03,790,790000000
ARR0134,ART0566,COMP007,09-03-2023,2023,1,2023-03,310,310000000
ARR0135,ART0189,COMP007,19-05-2021,2021,2,2021-05,245,245000000
ARR0136,ART0460,COMP007,06-09-2020,2020,3,2020-09,170,170000000
ARR0137,ART0371,COMP007,19-01-2021,2021,1,2021-01,220,220000000
ARR0138,ART0338,COMP007,29-12-2020,2020,4,2020-12,190,190000000
ARR0139,ART0629,COMP007,21-05-2024,2024,2,2024-05,388,388000000
ARR0140,ART0137,COMP007,10-07-2020,2020,3,2020-07,170,170000000
ARR0141,ART0212,COMP007,26-05-2022,2022,2,2022-05,315,315000000
ARR0142,ART0594,COMP007,09-10-2024,2024,4,2024-10,407,407000000
ARR0143,ART0731,COMP007,04-07-2024,2024,3,2024-07,399,399000000
ARR0144,ART0569,COMP007,09-05-2024,2024,2,2024-05,399,399000000
ARR0145,ART0728,COMP007,04-08-2024,2024,3,2024-08,388,388000000
ARR0146,ART0034,COMP007,21-10-2021,2021,4,2021-10,275,275000000
ARR0147,ART0667,COMP007,04-08-2024,2024,3,2024-08,388,388000000
ARR0148,ART0020,COMP007,14-10-2023,2023,4,2023-10,380,380000000
ARR0149,ART0337,COMP007,20-05-2020,2020,2,2020-05,150,150000000
ARR0150,ART0002,COMP007,23-02-2023,2023,1,2023-02,310,310000000
ARR0151,ART0022,COMP007,23-07-2020,2020,3,2020-07,170,170000000
ARR0152,ART0533,COMP007,07-09-2024,2024,3,2024-09,399,399000000
ARR0153,ART0655,COMP007,12-12-2024,2024,4,2024-12,407,407000000
ARR0154,ART0041,COMP007,26-09-2022,2022,3,2022-09,305,305000000
ARR0155,ART0346,COMP007,22-11-2022,2022,4,2022-11,295,295000000
ARR0156,ART0078,COMP007,14-10-2022,2022,4,2022-10,295,295000000
ARR0157,ART0506,COMP007,05-05-2024,2024,2,2024-05,388,388000000
ARR0158,ART0299,COMP007,29-07-2023,2023,3,2023-07,355,355000000
ARR0159,ART0345,COMP007,26-02-2022,2022,1,2022-02,300,300000000
ARR0160,ART0638,COMP008,21-07-2024,2024,3,2024-07,3168,3168000000
ARR0161,ART0738,COMP008,25-02-2024,2024,1,2024-02,2640,2640000000
ARR0162,ART0542,COMP008,03-07-2024,2024,3,2024-07,3168,3168000000
ARR0163,ART0477,COMP008,31-01-2021,2021,1,2021-01,740,740000000
ARR0164,ART0453,COMP008,16-08-2020,2020,3,2020-08,500,500000000
ARR0165,ART0603,COMP008,16-10-2024,2024,4,2024-10,3480,3480000000
ARR0166,ART0643,COMP008,05-09-2022,2022,3,2022-09,1700,1700000000
ARR0167,ART0293,COMP008,13-11-2023,2023,4,2023-11,2400,2400000000
ARR0168,ART0347,COMP008,24-12-2021,2021,4,2021-12,1180,1180000000
ARR0169,ART0561,COMP008,11-12-2024,2024,4,2024-12,3480,3480000000
ARR0170,ART0576,COMP008,21-04-2024,2024,2,2024-04,2904,2904000000
ARR0171,ART0021,COMP008,03-10-2023,2023,4,2023-10,2400,2400000000
ARR0172,ART0404,COMP008,07-05-2023,2023,2,2023-05,2150,2150000000
ARR0173,ART0024,COMP008,23-05-2023,2023,2,2023-05,2150,2150000000
ARR0174,ART0128,COMP008,27-04-2020,2020,2,2020-04,420,420000000
ARR0175,ART0676,COMP008,02-10-2024,2024,4,2024-10,3480,3480000000
ARR0176,ART0512,COMP008,19-08-2024,2024,3,2024-08,3168,3168000000
ARR0177,ART0716,COMP008,26-12-2024,2024,4,2024-12,3480,3480000000
ARR0178,ART0352,COMP008,14-04-2021,2021,2,2021-04,900,900000000
ARR0179,ART0210,COMP009,19-08-2020,2020,3,2020-08,700,700000000
ARR0180,ART0122,COMP009,10-03-2022,2022,1,2022-03,1010,1010000000
ARR0181,ART0727,COMP009,18-07-2022,2022,3,2022-07,1030,1030000000
ARR0182,ART0628,COMP009,27-12-2023,2023,4,2023-12,1250,1250000000
ARR0183,ART0387,COMP009,17-02-2023,2023,1,2023-02,1100,1100000000
ARR0184,ART0698,COMP009,26-08-2024,2024,3,2024-08,1400,1400000000
ARR0185,ART0496,COMP009,08-01-2021,2021,1,2021-01,820,820000000
ARR0186,ART0505,COMP009,03-04-2024,2024,2,2024-04,1350,1350000000
ARR0187,ART0321,COMP009,23-06-2020,2020,2,2020-06,660,660000000
ARR0188,ART0664,COMP009,25-04-2024,2024,2,2024-04,1350,1350000000
ARR0189,ART0131,COMP009,20-06-2021,2021,2,2021-06,890,890000000
ARR0190,ART0396,COMP009,26-09-2022,2022,3,2022-09,1030,1030000000
ARR0191,ART0532,COMP009,26-05-2024,2024,2,2024-05,1350,1350000000
ARR0192,ART0427,COMP009,08-02-2020,2020,1,2020-02,610,610000000
ARR0193,ART0593,COMP009,26-06-2024,2024,2,2024-06,1350,1350000000
ARR0194,ART0198,COMP009,06-01-2022,2022,1,2022-01,1010,1010000000
ARR0195,ART0232,COMP009,04-09-2023,2023,3,2023-09,1200,1200000000
ARR0196,ART0568,COMP009,15-11-2023,2023,4,2023-11,1250,1250000000
ARR0197,ART0320,COMP009,22-07-2023,2023,3,2023-07,1200,1200000000
ARR0198,ART0200,COMP009,09-11-2023,2023,4,2023-11,1250,1250000000
ARR0199,ART0144,COMP009,12-01-2022,2022,1,2022-01,1010,1010000000
ARR0200,ART0147,COMP009,22-12-2023,2023,4,2023-12,1250,1250000000
ARR0201,ART0023,COMP009,11-09-2021,2021,3,2021-09,930,930000000
ARR0202,ART0303,COMP009,13-04-2023,2023,2,2023-04,1160,1160000000
ARR0203,ART0614,COMP010,19-12-2024,2024,4,2024-12,1215,1215000000
ARR0204,ART0073,COMP010,20-07-2020,2020,3,2020-07,145,145000000
ARR0205,ART0573,COMP010,10-10-2023,2023,4,2023-10,900,900000000
ARR0206,ART0609,COMP010,27-05-2024,2024,2,2024-05,1044,1044000000
ARR0207,ART0383,COMP010,22-09-2020,2020,3,2020-09,145,145000000
ARR0208,ART0600,COMP010,27-08-2022,2022,3,2022-08,710,710000000
ARR0209,ART0264,COMP010,10-06-2022,2022,2,2022-06,610,610000000
ARR0210,ART0681,COMP010,06-05-2024,2024,2,2024-05,1044,1044000000
ARR0211,ART0326,COMP010,13-10-2020,2020,4,2020-10,175,175000000
ARR0212,ART0091,COMP010,21-10-2021,2021,4,2021-10,410,410000000
ARR0213,ART0636,COMP010,22-10-2023,2023,4,2023-10,900,900000000
ARR0214,ART0461,COMP010,17-07-2022,2022,3,2022-07,710,710000000
ARR0215,ART0290,COMP010,21-03-2023,2023,1,2023-03,830,830000000
ARR0216,ART0397,COMP010,07-10-2023,2023,4,2023-10,900,900000000
ARR0217,ART0736,COMP010,21-12-2024,2024,4,2024-12,1215,1215000000
ARR0218,ART0510,COMP010,10-12-2023,2023,4,2023-12,900,900000000
ARR0219,ART0373,COMP010,24-04-2020,2020,2,2020-04,120,120000000
ARR0220,ART0674,COMP010,28-05-2022,2022,2,2022-05,610,610000000
ARR0221,ART0132,COMP010,16-10-2021,2021,4,2021-10,410,410000000
ARR0222,ART0539,COMP010,06-04-2024,2024,2,2024-04,1044,1044000000
ARR0223,ART0185,COMP010,28-07-2021,2021,3,2021-07,340,340000000
ARR0224,ART0317,COMP010,30-12-2020,2020,4,2020-12,175,175000000
ARR0225,ART0704,COMP010,12-11-2024,2024,4,2024-11,1215,1215000000
ARR0226,ART0523,COMP010,27-03-2023,2023,1,2023-03,830,830000000
ARR0227,ART0186,COMP010,28-11-2020,2020,4,2020-11,175,175000000
ARR0228,ART0682,COMP010,14-09-2023,2023,3,2023-09,880,880000000
ARR0229,ART0662,COMP011,19-06-2023,2023,2,2023-06,56,56000000
ARR0230,ART0624,COMP011,14-05-2024,2024,2,2024-05,82,82000000
ARR0231,ART0619,COMP012,21-06-2024,2024,2,2024-06,1725,1725000000
ARR0232,ART0241,COMP012,27-07-2020,2020,3,2020-07,165,165000000
ARR0233,ART0056,COMP012,31-03-2022,2022,1,2022-03,700,700000000
ARR0234,ART0322,COMP012,06-10-2023,2023,4,2023-10,1500,1500000000
ARR0235,ART0231,COMP012,11-08-2022,2022,3,2022-08,1130,1130000000
ARR0236,ART0694,COMP012,11-08-2024,2024,3,2024-08,1830,1830000000
ARR0237,ART0392,COMP012,08-08-2023,2023,3,2023-08,1400,1400000000
ARR0238,ART0587,COMP012,24-01-2024,2024,1,2024-01,1620,1620000000
ARR0239,ART0528,COMP012,13-01-2024,2024,1,2024-01,1620,1620000000
ARR0240,ART0541,COMP012,07-03-2024,2024,1,2024-03,1830,1830000000
ARR0241,ART0472,COMP012,25-03-2023,2023,1,2023-03,1200,1200000000
ARR0242,ART0301,COMP012,02-12-2020,2020,4,2020-12,190,190000000
ARR0243,ART0559,COMP012,08-12-2024,2024,4,2024-12,1950,1950000000
ARR0244,ART0617,COMP012,11-05-2024,2024,2,2024-05,1725,1725000000
ARR0245,ART0316,COMP012,06-01-2023,2023,1,2023-01,1200,1200000000
ARR0246,ART0340,COMP012,10-01-2020,2020,1,2020-01,130,130000000
ARR0247,ART0435,COMP012,20-04-2020,2020,2,2020-04,145,145000000
ARR0248,ART0693,COMP012,05-07-2024,2024,3,2024-07,1725,1725000000
ARR0249,ART0376,COMP012,20-07-2023,2023,3,2023-07,1400,1400000000
ARR0250,ART0656,COMP012,16-11-2022,2022,4,2022-11,1130,1130000000
ARR0251,ART0620,COMP012,01-05-2024,2024,2,2024-05,1725,1725000000
ARR0252,ART0308,COMP012,15-10-2023,2023,4,2023-10,1500,1500000000
ARR0253,ART0081,COMP012,03-06-2020,2020,2,2020-06,145,145000000
ARR0254,ART0058,COMP012,05-07-2023,2023,3,2023-07,1400,1400000000
ARR0255,ART0689,COMP012,19-12-2024,2024,4,2024-12,1950,1950000000
ARR0256,ART0459,COMP012,07-02-2022,2022,1,2022-02,700,700000000
ARR0257,ART0031,COMP012,26-03-2023,2023,1,2023-03,1200,1200000000
ARR0258,ART0521,COMP013,25-01-2024,2024,1,2024-01,79170,79170000000
ARR0259,ART0088,COMP013,28-05-2021,2021,2,2021-05,52500,52500000000
ARR0260,ART0695,COMP013,18-10-2023,2023,4,2023-10,78000,78000000000
ARR0261,ART0722,COMP013,12-03-2024,2024,1,2024-03,79170,79170000000
ARR0262,ART0463,COMP013,02-06-2022,2022,2,2022-06,64000,64000000000
ARR0263,ART0433,COMP013,14-07-2021,2021,3,2021-07,55000,55000000000
ARR0264,ART0522,COMP013,27-10-2024,2024,4,2024-10,83850,83850000000
ARR0265,ART0408,COMP013,06-08-2020,2020,3,2020-08,44500,44500000000
ARR0266,ART0588,COMP013,05-10-2023,2023,4,2023-10,73500,73500000000
ARR0267,ART0179,COMP013,24-01-2023,2023,1,2023-01,71000,71000000000
ARR0268,ART0671,COMP013,22-09-2024,2024,3,2024-09,82290,82290000000
ARR0269,ART0039,COMP013,23-02-2022,2022,1,2022-02,61000,61000000000
ARR0270,ART0622,COMP013,25-07-2024,2024,3,2024-07,82290,82290000000
ARR0271,ART0560,COMP013,11-10-2022,2022,4,2022-10,68500,68500000000
ARR0272,ART0180,COMP013,18-04-2021,2021,2,2021-04,52500,52500000000
ARR0273,ART0221,COMP013,29-09-2020,2020,3,2020-09,44500,44500000000
ARR0274,ART0259,COMP013,01-08-2022,2022,3,2022-08,61000,61000000000
ARR0275,ART0606,COMP013,02-12-2024,2024,4,2024-12,83850,83850000000
ARR0276,ART0470,COMP013,09-01-2023,2023,1,2023-01,75800,75800000000
ARR0277,ART0129,COMP013,28-04-2021,2021,2,2021-04,52500,52500000000
ARR0278,ART0069,COMP013,08-01-2023,2023,1,2023-01,71000,71000000000
ARR0279,ART0358,COMP013,24-11-2022,2022,4,2022-11,68500,68500000000
ARR0280,ART0292,COMP013,18-08-2023,2023,3,2023-08,75800,75800000000
ARR0281,ART0605,COMP013,25-02-2024,2024,1,2024-02,79170,79170000000
ARR0282,ART0394,COMP013,11-10-2023,2023,4,2023-10,78000,78000000000
ARR0283,ART0657,COMP013,20-07-2024,2024,3,2024-07,82290,82290000000
ARR0284,ART0068,COMP013,19-07-2021,2021,3,2021-07,55000,55000000000
ARR0285,ART0149,COMP013,05-11-2021,2021,4,2021-11,52500,52500000000
ARR0286,ART0112,COMP013,10-12-2023,2023,4,2023-12,78000,78000000000
ARR0287,ART0673,COMP013,19-05-2024,2024,2,2024-05,80730,80730000000
ARR0288,ART0691,COMP014,13-12-2024,2024,4,2024-12,260,260000000
ARR0289,ART0685,COMP014,09-03-2024,2024,1,2024-03,95,95000000
ARR0290,ART0688,COMP014,06-06-2023,2023,2,2023-06,92,92000000
ARR0291,ART0502,COMP014,05-03-2024,2024,1,2024-03,95,95000000
ARR0292,ART0632,COMP014,11-12-2024,2024,4,2024-12,260,260000000
ARR0293,ART0412,COMP015,21-03-2022,2022,1,2022-03,1080,1080000000
ARR0294,ART0009,COMP015,02-07-2023,2023,3,2023-07,1480,1480000000
ARR0295,ART0732,COMP015,08-03-2024,2024,1,2024-03,1785,1785000000
ARR0296,ART0187,COMP015,12-09-2021,2021,3,2021-09,990,990000000
ARR0297,ART0270,COMP015,29-02-2020,2020,1,2020-02,500,500000000
ARR0298,ART0263,COMP015,24-11-2022,2022,4,2022-11,1380,1380000000
ARR0299,ART0163,COMP015,18-03-2023,2023,1,2023-03,1480,1480000000
ARR0300,ART0475,COMP015,23-04-2022,2022,2,2022-04,1180,1180000000
ARR0301,ART0658,COMP015,02-05-2024,2024,2,2024-05,1785,1785000000
ARR0302,ART0526,COMP015,04-12-2023,2023,4,2023-12,1700,1700000000
ARR0303,ART0332,COMP015,23-12-2021,2021,4,2021-12,990,990000000
ARR0304,ART0310,COMP015,02-11-2022,2022,4,2022-11,1080,1080000000
ARR0305,ART0616,COMP015,05-03-2024,2024,1,2024-03,1870,1870000000
ARR0306,ART0126,COMP015,18-06-2020,2020,2,2020-06,540,540000000
ARR0307,ART0430,COMP015,24-01-2021,2021,1,2021-01,720,720000000
ARR0308,ART0312,COMP015,31-10-2022,2022,4,2022-10,1380,1380000000
ARR0309,ART0748,COMP015,13-11-2024,2024,4,2024-11,2057,2057000000
ARR0310,ART0585,COMP015,02-06-2024,2024,2,2024-06,1870,1870000000
ARR0311,ART0567,COMP015,21-05-2024,2024,2,2024-05,1870,1870000000
ARR0312,ART0306,COMP015,22-11-2023,2023,4,2023-11,1700,1700000000
ARR0313,ART0341,COMP015,30-11-2022,2022,4,2022-11,1380,1380000000
ARR0314,ART0719,COMP015,02-04-2023,2023,2,2023-04,1560,1560000000
ARR0315,ART0652,COMP015,05-12-2023,2023,4,2023-12,1700,1700000000
ARR0316,ART0556,COMP015,21-08-2023,2023,3,2023-08,1640,1640000000
ARR0317,ART0491,COMP015,08-09-2020,2020,3,2020-09,590,590000000
ARR0318,ART0304,COMP015,07-05-2022,2022,2,2022-05,1180,1180000000
ARR0319,ART0384,COMP015,07-12-2023,2023,4,2023-12,1700,1700000000
ARR0320,ART0109,COMP015,19-12-2020,2020,4,2020-12,650,650000000
ARR0321,ART0275,COMP015,05-02-2022,2022,1,2022-02,1080,1080000000
ARR0322,ART0010,COMP015,11-05-2022,2022,2,2022-05,1380,1380000000
ARR0323,ART0090,COMP015,13-06-2023,2023,2,2023-06,1560,1560000000
ARR0324,ART0028,COMP016,22-11-2020,2020,4,2020-11,12600,12600000000
ARR0325,ART0548,COMP016,05-05-2024,2024,2,2024-05,54000,54000000000
ARR0326,ART0036,COMP016,05-09-2023,2023,3,2023-09,40500,40500000000
ARR0327,ART0399,COMP016,29-10-2020,2020,4,2020-10,12600,12600000000
ARR0328,ART0169,COMP016,17-05-2020,2020,2,2020-05,11200,11200000000
ARR0329,ART0717,COMP016,13-08-2024,2024,3,2024-08,58500,58500000000
ARR0330,ART0439,COMP016,14-05-2021,2021,2,2021-05,15000,15000000000
ARR0331,ART0554,COMP016,26-02-2022,2022,1,2022-02,17500,17500000000
ARR0332,ART0115,COMP016,05-04-2021,2021,2,2021-04,15000,15000000000
ARR0333,ART0708,COMP016,05-08-2023,2023,3,2023-08,40500,40500000000
ARR0334,ART0700,COMP016,10-09-2024,2024,3,2024-09,62100,62100000000
ARR0335,ART0649,COMP016,24-01-2024,2024,1,2024-01,49500,49500000000
ARR0336,ART0411,COMP016,04-09-2022,2022,3,2022-09,17800,17800000000
ARR0337,ART0684,COMP016,14-10-2024,2024,4,2024-10,62100,62100000000
ARR0338,ART0621,COMP016,13-08-2024,2024,3,2024-08,58500,58500000000
ARR0339,ART0456,COMP016,31-10-2023,2023,4,2023-10,45000,45000000000
ARR0340,ART0029,COMP016,13-09-2023,2023,3,2023-09,40500,40500000000
ARR0341,ART0236,COMP016,25-04-2022,2022,2,2022-04,17800,17800000000
ARR0342,ART0066,COMP016,20-11-2020,2020,4,2020-11,12600,12600000000
ARR0343,ART0626,COMP016,20-06-2024,2024,2,2024-06,54000,54000000000
ARR0344,ART0049,COMP016,25-07-2021,2021,3,2021-07,16000,16000000000
ARR0345,ART0524,COMP016,21-06-2024,2024,2,2024-06,54000,54000000000
ARR0346,ART0745,COMP016,08-09-2024,2024,3,2024-09,58500,58500000000
ARR0347,ART0546,COMP016,18-07-2024,2024,3,2024-07,58500,58500000000
ARR0348,ART0223,COMP016,15-05-2023,2023,2,2023-05,36000,36000000000
ARR0349,ART0006,COMP016,26-10-2021,2021,4,2021-10,16800,16800000000
ARR0350,ART0683,COMP017,04-04-2024,2024,2,2024-04,2790,2790000000
ARR0351,ART0634,COMP017,10-06-2023,2023,2,2023-06,1600,1600000000
ARR0352,ART0520,COMP017,17-08-2023,2023,3,2023-08,1720,1720000000
ARR0353,ART0011,COMP017,25-10-2021,2021,4,2021-10,320,320000000
ARR0354,ART0464,COMP017,31-10-2020,2020,4,2020-10,95,95000000
ARR0355,ART0612,COMP017,24-04-2024,2024,2,2024-04,2790,2790000000
ARR0356,ART0714,COMP017,15-07-2024,2024,3,2024-07,3420,3420000000
ARR0357,ART0582,COMP017,12-03-2024,2024,1,2024-03,2250,2250000000
ARR0358,ART0432,COMP017,01-10-2021,2021,4,2021-10,320,320000000
ARR0359,ART0639,COMP017,02-07-2023,2023,3,2023-07,1450,1450000000
ARR0360,ART0553,COMP017,15-09-2024,2024,3,2024-09,3420,3420000000
ARR0361,ART0155,COMP017,19-11-2020,2020,4,2020-11,95,95000000
ARR0362,ART0188,COMP017,13-07-2021,2021,3,2021-07,240,240000000
ARR0363,ART0744,COMP017,17-09-2024,2024,3,2024-09,3420,3420000000
ARR0364,ART0390,COMP017,30-03-2021,2021,1,2021-03,130,130000000
ARR0365,ART0097,COMP017,20-10-2020,2020,4,2020-10,95,95000000
ARR0366,ART0102,COMP017,06-08-2020,2020,3,2020-08,75,75000000
ARR0367,ART0711,COMP017,02-10-2024,2024,4,2024-10,4050,4050000000
ARR0368,ART0549,COMP017,21-10-2023,2023,4,2023-10,1800,1800000000
ARR0369,ART0424,COMP017,16-02-2021,2021,1,2021-02,130,130000000
ARR0370,ART0710,COMP017,28-10-2024,2024,4,2024-10,4050,4050000000
ARR0371,ART0403,COMP017,21-05-2021,2021,2,2021-05,180,180000000
ARR0372,ART0402,COMP017,22-08-2023,2023,3,2023-08,1720,1720000000
ARR0373,ART0647,COMP017,09-01-2024,2024,1,2024-01,2250,2250000000
ARR0374,ART0071,COMP018,13-12-2022,2022,4,2022-12,1700,1700000000
ARR0375,ART0124,COMP018,23-08-2021,2021,3,2021-08,1320,1320000000
ARR0376,ART0413,COMP018,15-05-2022,2022,2,2022-05,1550,1550000000
ARR0377,ART0016,COMP018,20-04-2020,2020,2,2020-04,1030,1030000000
ARR0378,ART0672,COMP018,03-05-2024,2024,2,2024-05,2392,2392000000
ARR0379,ART0239,COMP018,08-06-2022,2022,2,2022-06,1550,1550000000
ARR0380,ART0471,COMP018,15-12-2020,2020,4,2020-12,1120,1120000000
ARR0381,ART0659,COMP018,23-05-2024,2024,2,2024-05,2484,2484000000
ARR0382,ART0703,COMP018,16-08-2023,2023,3,2023-08,2100,2100000000
ARR0383,ART0599,COMP018,06-07-2024,2024,3,2024-07,2576,2576000000
ARR0384,ART0099,COMP018,18-05-2022,2022,2,2022-05,1550,1550000000
ARR0385,ART0733,COMP018,26-03-2024,2024,1,2024-03,2392,2392000000
ARR0386,ART0479,COMP018,04-02-2023,2023,1,2023-02,1800,1800000000
ARR0387,ART0735,COMP018,27-08-2024,2024,3,2024-08,2576,2576000000
ARR0388,ART0635,COMP018,12-12-2024,2024,4,2024-12,2691,2691000000
ARR0389,ART0572,COMP018,21-10-2022,2022,4,2022-10,1700,1700000000
ARR0390,ART0481,COMP018,01-02-2021,2021,1,2021-02,1180,1180000000
ARR0391,ART0108,COMP018,27-08-2023,2023,3,2023-08,2100,2100000000
ARR0392,ART0575,COMP018,16-09-2023,2023,3,2023-09,2100,2100000000
ARR0393,ART0295,COMP018,05-09-2020,2020,3,2020-09,1080,1080000000
ARR0394,ART0329,COMP018,01-01-2021,2021,1,2021-01,1180,1180000000
ARR0395,ART0385,COMP018,05-04-2020,2020,2,2020-04,1030,1030000000
ARR0396,ART0537,COMP018,24-12-2022,2022,4,2022-12,1700,1700000000
ARR0397,ART0367,COMP018,19-01-2022,2022,1,2022-01,1460,1460000000
ARR0398,ART0059,COMP018,01-05-2023,2023,2,2023-05,1920,1920000000
ARR0399,ART0482,COMP018,16-12-2020,2020,4,2020-12,1120,1120000000
ARR0400,ART0641,COMP019,19-08-2024,2024,3,2024-08,85,85000000
ARR0401,ART0517,COMP019,10-09-2024,2024,3,2024-09,85,85000000
ARR0402,ART0544,COMP019,19-03-2024,2024,1,2024-03,35,35000000
ARR0403,ART0079,COMP020,09-07-2023,2023,3,2023-07,735,735000000
ARR0404,ART0487,COMP020,12-12-2023,2023,4,2023-12,760,760000000
ARR0405,ART0254,COMP020,18-11-2021,2021,4,2021-11,340,340000000
ARR0406,ART0219,COMP020,12-12-2023,2023,4,2023-12,760,760000000
ARR0407,ART0051,COMP020,02-10-2022,2022,4,2022-10,570,570000000
ARR0408,ART0741,COMP020,05-01-2024,2024,1,2024-01,897,897000000
ARR0409,ART0273,COMP020,17-11-2022,2022,4,2022-11,570,570000000
ARR0410,ART0578,COMP020,18-08-2022,2022,3,2022-08,500,500000000
ARR0411,ART0315,COMP020,18-10-2021,2021,4,2021-10,340,340000000
ARR0412,ART0217,COMP020,02-03-2020,2020,1,2020-03,100,100000000
ARR0413,ART0138,COMP020,26-06-2021,2021,2,2021-06,260,260000000
ARR0414,ART0515,COMP020,13-09-2023,2023,3,2023-09,735,735000000
ARR0415,ART0253,COMP020,01-08-2020,2020,3,2020-08,135,135000000
ARR0416,ART0333,COMP020,09-03-2021,2021,1,2021-03,210,210000000
ARR0417,ART0709,COMP020,25-05-2024,2024,2,2024-05,1026,1026000000
ARR0418,ART0370,COMP020,25-12-2022,2022,4,2022-12,570,570000000
ARR0419,ART0211,COMP020,09-01-2021,2021,1,2021-01,305,305000000
ARR0420,ART0608,COMP020,24-11-2023,2023,4,2023-11,760,760000000
ARR0421,ART0393,COMP020,24-01-2020,2020,1,2020-01,100,100000000
ARR0422,ART0428,COMP020,05-12-2020,2020,4,2020-12,160,160000000
ARR0423,ART0359,COMP020,10-07-2022,2022,3,2022-07,500,500000000
ARR0424,ART0678,COMP020,13-04-2024,2024,2,2024-04,1026,1026000000
ARR0425,ART0274,COMP020,17-05-2022,2022,2,2022-05,430,430000000
ARR0426,ART0055,COMP020,29-07-2020,2020,3,2020-07,135,135000000
ARR0427,ART0331,COMP020,23-06-2021,2021,2,2021-06,260,260000000
ARR0428,ART0072,COMP020,03-11-2021,2021,4,2021-11,340,340000000
ARR0429,ART0350,COMP020,18-10-2023,2023,4,2023-10,760,760000000
ARR0430,ART0550,COMP020,15-08-2023,2023,3,2023-08,735,735000000
ARR0431,ART0642,COMP020,10-10-2024,2024,4,2024-10,1307,1307000000
ARR0432,ART0669,COMP021,08-07-2024,2024,3,2024-07,3388,3388000000
ARR0433,ART0562,COMP021,16-11-2024,2024,4,2024-11,3612,3612000000
ARR0434,ART0386,COMP021,18-03-2021,2021,1,2021-03,1000,1000000000
ARR0435,ART0268,COMP021,03-10-2022,2022,4,2022-10,2180,2180000000
ARR0436,ART0508,COMP021,16-08-2024,2024,3,2024-08,3388,3388000000
ARR0437,ART0441,COMP021,22-05-2020,2020,2,2020-05,620,620000000
ARR0438,ART0730,COMP021,08-07-2024,2024,3,2024-07,3388,3388000000
ARR0439,ART0252,COMP021,11-11-2023,2023,4,2023-11,2800,2800000000
ARR0440,ART0702,COMP021,15-08-2024,2024,3,2024-08,3388,3388000000
ARR0441,ART0633,COMP021,16-11-2024,2024,4,2024-11,3612,3612000000
ARR0442,ART0206,COMP021,23-04-2023,2023,2,2023-04,2520,2520000000
ARR0443,ART0224,COMP021,21-04-2020,2020,2,2020-04,620,620000000
ARR0444,ART0313,COMP021,20-06-2023,2023,2,2023-06,2520,2520000000
ARR0445,ART0650,COMP021,05-08-2024,2024,3,2024-08,3388,3388000000
ARR0446,ART0571,COMP021,12-05-2023,2023,2,2023-05,2520,2520000000
ARR0447,ART0343,COMP021,06-12-2021,2021,4,2021-12,1530,1530000000
ARR0448,ART0724,COMP021,22-07-2022,2022,3,2022-07,2050,2050000000
ARR0449,ART0305,COMP021,26-01-2023,2023,1,2023-01,2350,2350000000
ARR0450,ART0061,COMP021,11-09-2020,2020,3,2020-09,730,730000000
ARR0451,ART0421,COMP021,10-02-2020,2020,1,2020-02,850,850000000
ARR0452,ART0492,COMP021,11-08-2020,2020,3,2020-08,730,730000000
ARR0453,ART0598,COMP021,27-05-2024,2024,2,2024-05,3192,3192000000
ARR0454,ART0328,COMP021,09-08-2022,2022,3,2022-08,2050,2050000000
ARR0455,ART0213,COMP021,18-03-2023,2023,1,2023-03,2350,2350000000
ARR0456,ART0228,COMP022,17-07-2022,2022,3,2022-07,6100,6100000000
ARR0457,ART0120,COMP022,29-06-2023,2023,2,2023-06,7600,7600000000
ARR0458,ART0519,COMP022,04-05-2024,2024,2,2024-05,9180,9180000000
ARR0459,ART0040,COMP022,11-04-2023,2023,2,2023-04,7600,7600000000
ARR0460,ART0645,COMP022,21-06-2023,2023,2,2023-06,7600,7600000000
ARR0461,ART0552,COMP022,06-08-2024,2024,3,2024-08,9520,9520000000
ARR0462,ART0418,COMP022,11-06-2020,2020,2,2020-06,2100,2100000000
ARR0463,ART0611,COMP022,09-01-2024,2024,1,2024-01,9520,9520000000
ARR0464,ART0222,COMP022,07-11-2023,2023,4,2023-11,8500,8500000000
ARR0465,ART0033,COMP022,15-02-2022,2022,1,2022-02,5000,5000000000
ARR0466,ART0363,COMP022,01-11-2021,2021,4,2021-11,3000,3000000000
ARR0467,ART0446,COMP022,13-08-2021,2021,3,2021-08,3900,3900000000
ARR0468,ART0060,COMP022,20-01-2023,2023,1,2023-01,7000,7000000000
ARR0469,ART0493,COMP022,13-01-2023,2023,1,2023-01,7000,7000000000
ARR0470,ART0713,COMP022,23-01-2023,2023,1,2023-01,7000,7000000000
ARR0471,ART0070,COMP022,13-10-2021,2021,4,2021-10,4300,4300000000
ARR0472,ART0074,COMP022,15-05-2021,2021,2,2021-05,3450,3450000000
ARR0473,ART0207,COMP022,09-10-2020,2020,4,2020-10,2600,2600000000
ARR0474,ART0159,COMP022,11-02-2021,2021,1,2021-02,4300,4300000000
ARR0475,ART0663,COMP022,22-12-2023,2023,4,2023-12,8500,8500000000
ARR0476,ART0581,COMP022,16-09-2024,2024,3,2024-09,9520,9520000000
ARR0477,ART0258,COMP022,08-02-2023,2023,1,2023-02,7000,7000000000
ARR0478,ART0734,COMP022,12-12-2024,2024,4,2024-12,9945,9945000000
ARR0479,ART0017,COMP022,24-07-2021,2021,3,2021-07,3900,3900000000
ARR0480,ART0743,COMP022,22-10-2024,2024,4,2024-10,9945,9945000000
ARR0481,ART0121,COMP022,13-06-2023,2023,2,2023-06,7600,7600000000
ARR0482,ART0168,COMP022,15-02-2022,2022,1,2022-02,5000,5000000000
ARR0483,ART0589,COMP022,14-11-2024,2024,4,2024-11,9945,9945000000
ARR0484,ART0680,COMP022,17-02-2024,2024,1,2024-02,8925,8925000000
ARR0485,ART0257,COMP023,10-06-2023,2023,2,2023-06,2600,2600000000
ARR0486,ART0466,COMP023,12-09-2021,2021,3,2021-09,1380,1380000000
ARR0487,ART0202,COMP023,09-06-2021,2021,2,2021-06,1380,1380000000
ARR0488,ART0104,COMP023,05-06-2020,2020,2,2020-06,780,780000000
ARR0489,ART0720,COMP023,28-07-2024,2024,3,2024-07,3774,3774000000
ARR0490,ART0318,COMP023,08-03-2022,2022,1,2022-03,1700,1700000000
ARR0491,ART0220,COMP023,14-05-2022,2022,2,2022-05,1820,1820000000
ARR0492,ART0558,COMP023,28-05-2024,2024,2,2024-05,3672,3672000000
ARR0493,ART0355,COMP023,18-01-2020,2020,1,2020-01,720,720000000
ARR0494,ART0113,COMP023,28-01-2021,2021,1,2021-01,1050,1050000000
ARR0495,ART0416,COMP023,12-09-2023,2023,3,2023-09,2950,2950000000
ARR0496,ART0500,COMP023,30-05-2023,2023,2,2023-05,2600,2600000000
ARR0497,ART0053,COMP023,02-01-2023,2023,1,2023-01,2300,2300000000
ARR0498,ART0172,COMP023,02-05-2022,2022,2,2022-05,1820,1820000000
ARR0499,ART0251,COMP023,22-10-2021,2021,4,2021-10,1550,1550000000
ARR0500,ART0351,COMP023,09-02-2023,2023,1,2023-02,2300,2300000000
ARR0501,ART0101,COMP023,16-01-2020,2020,1,2020-01,720,720000000
ARR0502,ART0665,COMP023,25-10-2024,2024,4,2024-10,3910,3910000000
ARR0503,ART0592,COMP023,07-03-2024,2024,1,2024-03,3536,3536000000
ARR0504,ART0690,COMP023,21-07-2024,2024,3,2024-07,3774,3774000000
ARR0505,ART0158,COMP023,28-07-2022,2022,3,2022-07,1900,1900000000
ARR0506,ART0093,COMP023,02-10-2021,2021,4,2021-10,1550,1550000000
ARR0507,ART0443,COMP023,13-03-2023,2023,1,2023-03,2300,2300000000
ARR0508,ART0654,COMP023,19-05-2022,2022,2,2022-05,1820,1820000000
ARR0509,ART0746,COMP023,02-12-2024,2024,4,2024-12,3910,3910000000
ARR0510,ART0586,COMP023,16-12-2022,2022,4,2022-12,2050,2050000000
ARR0511,ART0618,COMP023,09-05-2024,2024,2,2024-05,3774,3774000000
ARR0512,ART0116,COMP024,10-10-2020,2020,4,2020-10,26000,26000000000
ARR0513,ART0514,COMP024,11-04-2024,2024,2,2024-04,96960,96960000000
ARR0514,ART0740,COMP024,01-07-2024,2024,3,2024-07,98880,98880000000
ARR0515,ART0442,COMP024,04-04-2023,2023,2,2023-04,90000,90000000000
ARR0516,ART0054,COMP024,04-10-2021,2021,4,2021-10,54000,54000000000
ARR0517,ART0677,COMP024,06-07-2023,2023,3,2023-07,94000,94000000000
ARR0518,ART0175,COMP024,28-08-2020,2020,3,2020-08,25200,25200000000
ARR0519,ART0480,COMP024,27-03-2021,2021,1,2021-03,31000,31000000000
ARR0520,ART0165,COMP024,29-05-2020,2020,2,2020-05,24500,24500000000
ARR0521,ART0707,COMP024,01-05-2023,2023,2,2023-05,82000,82000000000
ARR0522,ART0269,COMP024,08-03-2021,2021,1,2021-03,31000,31000000000
ARR0523,ART0007,COMP024,19-10-2022,2022,4,2022-10,75000,75000000000
ARR0524,ART0490,COMP024,04-06-2021,2021,2,2021-06,38000,38000000000
ARR0525,ART0380,COMP024,17-01-2021,2021,1,2021-01,31000,31000000000
ARR0526,ART0577,COMP024,19-01-2024,2024,1,2024-01,95040,95040000000
ARR0527,ART0547,COMP024,14-07-2024,2024,3,2024-07,98880,98880000000
ARR0528,ART0497,COMP024,19-12-2023,2023,4,2023-12,96000,96000000000
ARR0529,ART0406,COMP024,10-10-2020,2020,4,2020-10,26000,26000000000
ARR0530,ART0087,COMP024,09-02-2023,2023,1,2023-02,82000,82000000000
ARR0531,ART0015,COMP024,27-09-2020,2020,3,2020-09,25200,25200000000
ARR0532,ART0607,COMP024,22-03-2024,2024,1,2024-03,95040,95040000000
ARR0533,ART0360,COMP024,25-03-2023,2023,1,2023-03,82000,82000000000
ARR0534,ART0234,COMP024,28-02-2023,2023,1,2023-02,82000,82000000000
ARR0535,ART0400,COMP024,24-01-2023,2023,1,2023-01,82000,82000000000
ARR0536,ART0286,COMP025,07-06-2021,2021,2,2021-06,14500,14500000000
ARR0537,ART0540,COMP025,02-12-2024,2024,4,2024-12,37400,37400000000
ARR0538,ART0374,COMP025,21-05-2021,2021,2,2021-05,14500,14500000000
ARR0539,ART0382,COMP025,09-12-2022,2022,4,2022-12,25000,25000000000
ARR0540,ART0737,COMP025,28-02-2024,2024,1,2024-02,34680,34680000000
ARR0541,ART0389,COMP025,06-04-2021,2021,2,2021-04,14500,14500000000
ARR0542,ART0705,COMP025,17-06-2024,2024,2,2024-06,35360,35360000000
ARR0543,ART0013,COMP025,23-08-2023,2023,3,2023-08,32000,32000000000
ARR0544,ART0675,COMP025,08-10-2024,2024,4,2024-10,37400,37400000000
ARR0545,ART0602,COMP025,09-10-2024,2024,4,2024-10,36380,36380000000
ARR0546,ART0445,COMP025,13-10-2021,2021,4,2021-10,17000,17000000000
ARR0547,ART0225,COMP025,05-11-2022,2022,4,2022-11,25000,25000000000
ARR0548,ART0511,COMP025,11-07-2024,2024,3,2024-07,37400,37400000000
ARR0549,ART0574,COMP025,24-03-2024,2024,1,2024-03,34680,34680000000
ARR0550,ART0458,COMP025,14-10-2023,2023,4,2023-10,34000,34000000000
ARR0551,ART0161,COMP025,26-10-2022,2022,4,2022-10,25000,25000000000
ARR0552,ART0637,COMP025,06-03-2024,2024,1,2024-03,35360,35360000000
ARR0553,ART0240,COMP025,10-04-2020,2020,2,2020-04,10200,10200000000
ARR0554,ART0365,COMP025,14-04-2021,2021,2,2021-04,14500,14500000000
ARR0555,ART0749,COMP026,11-07-2024,2024,3,2024-07,180,180000000
ARR0556,ART0545,COMP026,28-10-2024,2024,4,2024-10,180,180000000
ARR0557,ART0627,COMP026,04-01-2024,2024,1,2024-01,20,20000000
ARR0558,ART0648,COMP026,25-05-2024,2024,2,2024-05,50,50000000
