order_id,customer_sk,customer_id,order_date_sk,order_date,required_date,shipped_date,fulfillment_days,is_shipped,freight,ship_country,total_gross_amount,total_discount_amount,total_net_amount,total_items_count
10248,CUST_SK_0163,VINET,19960704,1996-07-04,1996-08-01,1996-07-16,12,True,32.38,France,440.0,0.0,440.0,27
10249,CUST_SK_0152,TOMSP,19960705,1996-07-05,1996-08-16,1996-07-10,5,True,11.61,Germany,1863.4,0.0,1863.4,49
10250,CUST_SK_0061,HANAR,19960708,1996-07-08,1996-08-05,1996-07-12,4,True,65.83,Brazil,1813.0,260.4,1552.6,60
10251,CUST_SK_0162,VICTE,19960708,1996-07-08,1996-08-05,1996-07-15,7,True,41.34,France,670.8,16.74,654.06,41
10252,CUST_SK_0149,SUPRD,19960709,1996-07-09,1996-08-06,1996-07-11,2,True,51.3,Belgium,3730.0,132.1,3597.9,105
10253,CUST_SK_0061,HANAR,19960710,1996-07-10,1996-07-24,1996-07-16,6,True,58.17,Brazil,1444.8,0.0,1444.8,102
10254,CUST_SK_0026,CHOPS,19960711,1996-07-11,1996-08-08,1996-07-23,12,True,22.98,Switzerland,625.2,68.58,556.62,57
10255,CUST_SK_0131,RICSU,19960712,1996-07-12,1996-08-09,1996-07-15,3,True,148.33,Switzerland,2490.5,0.0,2490.5,110
10256,CUST_SK_0170,WELLI,19960715,1996-07-15,1996-08-12,1996-07-17,2,True,13.97,Brazil,517.8,0.0,517.8,27
10257,CUST_SK_0064,HILAA,19960716,1996-07-16,1996-08-13,1996-07-22,6,True,81.91,Venezuela,1119.9,0.0,1119.9,46
10258,CUST_SK_0035,ERNSH,19960717,1996-07-17,1996-08-14,1996-07-23,6,True,140.51,Austria,2018.6,403.72,1614.88,121
10259,CUST_SK_0024,CENTC,19960718,1996-07-18,1996-08-15,1996-07-25,7,True,3.25,Mexico,100.8,0.0,100.8,11
10260,CUST_SK_0105,OTTIK,19960719,1996-07-19,1996-08-16,1996-07-29,10,True,55.09,Germany,1746.2,241.55,1504.65,102
10261,CUST_SK_0114,QUEDE,19960719,1996-07-19,1996-08-16,1996-07-30,11,True,3.05,Brazil,448.0,0.0,448.0,40
10262,CUST_SK_0124,RATTC,19960722,1996-07-22,1996-08-19,1996-07-25,3,True,48.29,USA,624.8,40.8,584.0,29
10263,CUST_SK_0035,ERNSH,19960723,1996-07-23,1996-08-20,1996-07-31,8,True,146.06,Austria,2464.8,591.0,1873.8,184
10264,CUST_SK_0042,FOLKO,19960724,1996-07-24,1996-08-21,1996-08-23,30,True,3.67,Sweden,724.5,28.88,695.62,60
10265,CUST_SK_0013,BLONP,19960725,1996-07-25,1996-08-22,1996-08-12,18,True,55.28,France,1176.0,0.0,1176.0,50
10266,CUST_SK_0168,WARTH,19960726,1996-07-26,1996-09-06,1996-07-31,5,True,25.73,Finland,364.8,18.24,346.56,12
10267,CUST_SK_0045,FRANK,19960729,1996-07-29,1996-08-26,1996-08-06,8,True,208.58,Germany,4031.0,494.4,3536.6,135
10268,CUST_SK_0058,GROSR,19960730,1996-07-30,1996-08-27,1996-08-02,3,True,66.29,Venezuela,1101.2,0.0,1101.2,14
10269,CUST_SK_0173,WHITC,19960731,1996-07-31,1996-08-14,1996-08-09,9,True,4.56,USA,676.0,33.8,642.2,80
10270,CUST_SK_0168,WARTH,19960801,1996-08-01,1996-08-29,1996-08-02,1,True,136.54,Finland,1376.0,0.0,1376.0,55
10271,CUST_SK_0146,SPLIR,19960801,1996-08-01,1996-08-29,1996-08-30,29,True,4.54,USA,48.0,0.0,48.0,24
10272,CUST_SK_0124,RATTC,19960802,1996-08-02,1996-08-30,1996-08-06,4,True,98.03,USA,1456.0,0.0,1456.0,70
10273,CUST_SK_0120,QUICK,19960805,1996-08-05,1996-09-02,1996-08-12,7,True,76.07,Germany,2142.4,105.12,2037.28,152
10274,CUST_SK_0163,VINET,19960806,1996-08-06,1996-09-03,1996-08-16,10,True,6.01,France,538.6,0.0,538.6,27
10275,CUST_SK_0091,MAGAA,19960807,1996-08-07,1996-09-04,1996-08-09,2,True,26.93,Italy,307.2,15.36,291.84,18
10276,CUST_SK_0154,TORTU,19960808,1996-08-08,1996-08-22,1996-08-14,6,True,13.84,Mexico,420.0,0.0,420.0,25
10277,CUST_SK_0098,MORGK,19960809,1996-08-09,1996-09-06,1996-08-13,4,True,125.77,Germany,1200.8,0.0,1200.8,32
10278,CUST_SK_0009,BERGS,19960812,1996-08-12,1996-09-09,1996-08-16,4,True,92.69,Sweden,1488.8,0.0,1488.8,64
10279,CUST_SK_0081,LEHMS,19960813,1996-08-13,1996-09-10,1996-08-16,3,True,25.83,Germany,468.0,117.0,351.0,15
10280,CUST_SK_0009,BERGS,19960814,1996-08-14,1996-09-11,1996-09-12,29,True,8.98,Sweden,613.2,0.0,613.2,62
10281,CUST_SK_0132,ROMEY,19960814,1996-08-14,1996-08-28,1996-08-21,7,True,2.94,Spain,86.5,0.0,86.5,11
10282,CUST_SK_0132,ROMEY,19960815,1996-08-15,1996-09-12,1996-08-21,6,True,12.69,Spain,155.4,0.0,155.4,8
10283,CUST_SK_0085,LILAS,19960816,1996-08-16,1996-09-13,1996-08-23,7,True,84.81,Venezuela,1414.8,0.0,1414.8,76
10284,CUST_SK_0081,LEHMS,19960819,1996-08-19,1996-09-16,1996-08-27,8,True,76.56,Germany,1452.0,281.62,1170.38,61
10285,CUST_SK_0120,QUICK,19960820,1996-08-20,1996-09-17,1996-08-26,6,True,76.83,Germany,2179.2,435.84,1743.36,121
10286,CUST_SK_0120,QUICK,19960821,1996-08-21,1996-09-18,1996-08-30,9,True,229.24,Germany,3016.0,0.0,3016.0,140
10287,CUST_SK_0128,RICAR,19960822,1996-08-22,1996-09-19,1996-08-28,6,True,12.76,Brazil,924.0,105.0,819.0,75
10288,CUST_SK_0126,REGGC,19960823,1996-08-23,1996-09-20,1996-09-03,11,True,7.45,Italy,89.0,8.9,80.1,13
10289,CUST_SK_0022,BSBEV,19960826,1996-08-26,1996-09-23,1996-08-28,2,True,22.77,UK,479.4,0.0,479.4,39
10290,CUST_SK_0027,COMMI,19960827,1996-08-27,1996-09-24,1996-09-03,7,True,79.7,Brazil,2169.0,0.0,2169.0,60
10291,CUST_SK_0114,QUEDE,19960827,1996-08-27,1996-09-24,1996-09-04,8,True,6.4,Brazil,552.8,55.28,497.52,46
10292,CUST_SK_0156,TRADH,19960828,1996-08-28,1996-09-25,1996-09-02,5,True,1.35,Brazil,1296.0,0.0,1296.0,20
10293,CUST_SK_0154,TORTU,19960829,1996-08-29,1996-09-26,1996-09-11,13,True,21.18,Mexico,848.7,0.0,848.7,33
10294,CUST_SK_0124,RATTC,19960830,1996-08-30,1996-09-27,1996-09-05,6,True,147.26,USA,1887.6,0.0,1887.6,75
10295,CUST_SK_0163,VINET,19960902,1996-09-02,1996-09-30,1996-09-10,8,True,1.15,France,121.6,0.0,121.6,4
10296,CUST_SK_0085,LILAS,19960903,1996-09-03,1996-10-01,1996-09-11,8,True,0.12,Venezuela,1050.6,0.0,1050.6,57
10297,CUST_SK_0013,BLONP,19960904,1996-09-04,1996-10-16,1996-09-10,6,True,5.74,France,1420.0,0.0,1420.0,80
10298,CUST_SK_0068,HUNGO,19960905,1996-09-05,1996-10-03,1996-09-11,6,True,168.22,Ireland,3127.0,482.0,2645.0,125
10299,CUST_SK_0128,RICAR,19960906,1996-09-06,1996-10-04,1996-09-13,7,True,29.76,Brazil,349.5,0.0,349.5,35
10300,CUST_SK_0091,MAGAA,19960909,1996-09-09,1996-10-07,1996-09-18,9,True,17.68,Italy,608.0,0.0,608.0,50
10301,CUST_SK_0165,WANDK,19960909,1996-09-09,1996-10-07,1996-09-17,8,True,45.08,Germany,755.0,0.0,755.0,30
10302,CUST_SK_0149,SUPRD,19960910,1996-09-10,1996-10-08,1996-10-09,29,True,6.27,Belgium,2708.8,0.0,2708.8,80
10303,CUST_SK_0052,GODOS,19960911,1996-09-11,1996-10-09,1996-09-18,7,True,107.83,Spain,1242.0,124.19999999999999,1117.8,85
10304,CUST_SK_0154,TORTU,19960912,1996-09-12,1996-10-10,1996-09-17,5,True,63.79,Mexico,954.4,0.0,954.4,42
10305,CUST_SK_0103,OLDWO,19960913,1996-09-13,1996-10-11,1996-10-09,26,True,257.62,USA,4157.0,415.7,3741.3,80
10306,CUST_SK_0132,ROMEY,19960916,1996-09-16,1996-10-14,1996-09-23,7,True,7.56,Spain,498.5,0.0,498.5,25
10307,CUST_SK_0089,LONEP,19960917,1996-09-17,1996-10-15,1996-09-25,8,True,0.56,USA,424.0,0.0,424.0,13
10308,CUST_SK_0002,ANATR,19960918,1996-09-18,1996-10-16,1996-09-24,6,True,1.61,Mexico,88.8,0.0,88.8,6
10309,CUST_SK_0068,HUNGO,19960919,1996-09-19,1996-10-17,1996-10-23,34,True,47.3,Ireland,1762.0,0.0,1762.0,75
10310,CUST_SK_0150,THEBI,19960920,1996-09-20,1996-10-18,1996-09-27,7,True,17.52,USA,336.0,0.0,336.0,15
10311,CUST_SK_0030,DUMON,19960920,1996-09-20,1996-10-04,1996-09-26,6,True,24.69,France,268.8,0.0,268.8,13
10312,CUST_SK_0165,WANDK,19960923,1996-09-23,1996-10-21,1996-10-03,10,True,40.26,Germany,1614.8,0.0,1614.8,58
10313,CUST_SK_0120,QUICK,19960924,1996-09-24,1996-10-22,1996-10-04,10,True,1.96,Germany,182.4,0.0,182.4,12
10314,CUST_SK_0124,RATTC,19960925,1996-09-25,1996-10-23,1996-10-04,9,True,74.16,USA,2327.0,232.7,2094.3,95
10315,CUST_SK_0070,ISLAT,19960926,1996-09-26,1996-10-24,1996-10-03,7,True,41.76,UK,516.8,0.0,516.8,44
10316,CUST_SK_0124,RATTC,19960927,1996-09-27,1996-10-25,1996-10-08,11,True,150.15,USA,2835.0,0.0,2835.0,80
10317,CUST_SK_0089,LONEP,19960930,1996-09-30,1996-10-28,1996-10-10,10,True,12.69,USA,288.0,0.0,288.0,20
10318,CUST_SK_0070,ISLAT,19961001,1996-10-01,1996-10-29,1996-10-04,3,True,4.73,UK,240.4,0.0,240.4,26
10319,CUST_SK_0154,TORTU,19961002,1996-10-02,1996-10-30,1996-10-11,9,True,64.5,Mexico,1191.2,0.0,1191.2,52
10320,CUST_SK_0168,WARTH,19961003,1996-10-03,1996-10-17,1996-10-18,15,True,34.57,Finland,516.0,0.0,516.0,30
10321,CUST_SK_0070,ISLAT,19961003,1996-10-03,1996-10-31,1996-10-11,8,True,3.43,UK,144.0,0.0,144.0,10
10322,CUST_SK_0107,PERIC,19961004,1996-10-04,1996-11-01,1996-10-23,19,True,0.4,Mexico,112.0,0.0,112.0,20
10323,CUST_SK_0073,KOENE,19961007,1996-10-07,1996-11-04,1996-10-14,7,True,4.88,Germany,164.4,0.0,164.4,13
10324,CUST_SK_0137,SAVEA,19961008,1996-10-08,1996-11-05,1996-10-10,2,True,214.27,USA,6155.9,880.1800000000001,5275.72,241
10325,CUST_SK_0073,KOENE,19961009,1996-10-09,1996-10-23,1996-10-14,5,True,64.86,Germany,1497.0,0.0,1497.0,71
10326,CUST_SK_0014,BOLID,19961010,1996-10-10,1996-11-07,1996-10-14,4,True,77.92,Spain,982.0,0.0,982.0,90
10327,CUST_SK_0042,FOLKO,19961011,1996-10-11,1996-11-08,1996-10-14,3,True,63.36,Sweden,2262.5,452.5,1810.0,140
10328,CUST_SK_0049,FURIB,19961014,1996-10-14,1996-11-11,1996-10-17,3,True,87.03,Portugal,1168.0,0.0,1168.0,59
10329,CUST_SK_0146,SPLIR,19961015,1996-10-15,1996-11-26,1996-10-23,8,True,191.67,USA,4819.4,240.97000000000003,4578.43,50
10330,CUST_SK_0085,LILAS,19961016,1996-10-16,1996-11-13,1996-10-28,12,True,12.75,Venezuela,1940.0,291.0,1649.0,75
10331,CUST_SK_0017,BONAP,19961016,1996-10-16,1996-11-27,1996-10-21,5,True,10.19,France,88.5,0.0,88.5,15
10332,CUST_SK_0096,MEREP,19961017,1996-10-17,1996-11-28,1996-10-21,4,True,52.84,Canada,2233.6,446.72,1786.88,66
10333,CUST_SK_0168,WARTH,19961018,1996-10-18,1996-11-15,1996-10-25,7,True,0.59,Finland,954.0,76.8,877.2,60
10334,CUST_SK_0162,VICTE,19961021,1996-10-21,1996-11-18,1996-10-28,7,True,8.56,France,144.8,0.0,144.8,18
10335,CUST_SK_0068,HUNGO,19961022,1996-10-22,1996-11-19,1996-10-24,2,True,42.11,Ireland,2545.2,509.04,2036.16,86
10336,CUST_SK_0112,PRINI,19961023,1996-10-23,1996-11-20,1996-10-25,2,True,15.51,Portugal,316.8,31.68,285.12,18
10337,CUST_SK_0045,FRANK,19961024,1996-10-24,1996-11-21,1996-10-29,5,True,108.26,Germany,2467.0,0.0,2467.0,137
10338,CUST_SK_0103,OLDWO,19961025,1996-10-25,1996-11-22,1996-10-29,4,True,84.21,USA,934.5,0.0,934.5,35
10339,CUST_SK_0096,MEREP,19961028,1996-10-28,1996-11-25,1996-11-04,7,True,15.66,Canada,3463.2,109.2,3354.0,108
10340,CUST_SK_0017,BONAP,19961029,1996-10-29,1996-11-26,1996-11-08,10,True,166.31,France,2564.4,128.22,2436.18,72
10341,CUST_SK_0143,SIMOB,19961029,1996-10-29,1996-11-26,1996-11-05,7,True,26.78,Denmark,412.0,59.4,352.6,17
10342,CUST_SK_0045,FRANK,19961030,1996-10-30,1996-11-13,1996-11-04,5,True,54.83,Germany,2300.8,460.15999999999997,1840.64,160
10343,CUST_SK_0081,LEHMS,19961031,1996-10-31,1996-11-28,1996-11-06,6,True,110.37,Germany,1586.0,2.0,1584.0,69
10344,CUST_SK_0173,WHITC,19961101,1996-11-01,1996-11-29,1996-11-05,4,True,23.29,USA,2856.0,560.0,2296.0,105
10345,CUST_SK_0120,QUICK,19961104,1996-11-04,1996-12-02,1996-11-11,7,True,249.06,Germany,2924.8,0.0,2924.8,159
10346,CUST_SK_0124,RATTC,19961105,1996-11-05,1996-12-17,1996-11-08,3,True,142.08,USA,1731.2,112.32,1618.88,56
10347,CUST_SK_0036,FAMIA,19961106,1996-11-06,1996-12-04,1996-11-08,2,True,3.1,Brazil,928.0,113.58,814.42,70
10348,CUST_SK_0165,WANDK,19961107,1996-11-07,1996-12-05,1996-11-15,8,True,0.78,Germany,396.0,32.4,363.6,40
10349,CUST_SK_0146,SPLIR,19961108,1996-11-08,1996-12-06,1996-11-15,7,True,8.63,USA,141.6,0.0,141.6,24
10350,CUST_SK_0076,LAMAI,19961111,1996-11-11,1996-12-09,1996-12-03,22,True,64.19,France,713.4,71.34,642.06,33
10351,CUST_SK_0035,ERNSH,19961111,1996-11-11,1996-12-09,1996-11-20,9,True,162.33,Austria,5677.6,278.88,5398.72,120
10352,CUST_SK_0049,FURIB,19961112,1996-11-12,1996-11-26,1996-11-18,6,True,1.3,Portugal,154.0,17.7,136.3,30
10353,CUST_SK_0110,PICCO,19961113,1996-11-13,1996-12-11,1996-11-25,12,True,360.63,Austria,10741.6,2148.32,8593.28,62
10354,CUST_SK_0107,PERIC,19961114,1996-11-14,1996-12-12,1996-11-20,6,True,53.8,Mexico,568.8,0.0,568.8,16
10355,CUST_SK_0006,AROUT,19961115,1996-11-15,1996-12-13,1996-11-20,5,True,41.95,UK,480.0,0.0,480.0,50
10356,CUST_SK_0165,WANDK,19961118,1996-11-18,1996-12-16,1996-11-27,9,True,36.71,Germany,1106.4,0.0,1106.4,62
10357,CUST_SK_0085,LILAS,19961119,1996-11-19,1996-12-17,1996-12-02,13,True,34.88,Venezuela,1360.0,192.32000000000002,1167.68,54
10358,CUST_SK_0076,LAMAI,19961120,1996-11-20,1996-12-18,1996-11-27,7,True,19.64,France,452.0,22.599999999999998,429.4,40
10359,CUST_SK_0140,SEVES,19961121,1996-11-21,1996-12-19,1996-11-26,5,True,288.43,UK,3654.4,182.72,3471.68,206
10360,CUST_SK_0013,BLONP,19961122,1996-11-22,1996-12-20,1996-12-02,10,True,131.7,France,7390.2,0.0,7390.2,138
10361,CUST_SK_0120,QUICK,19961122,1996-11-22,1996-12-20,1996-12-03,11,True,183.17,Germany,2273.6,227.36,2046.24,109
10362,CUST_SK_0017,BONAP,19961125,1996-11-25,1996-12-23,1996-11-28,3,True,96.04,France,1549.6,0.0,1549.6,94
10363,CUST_SK_0029,DRACD,19961126,1996-11-26,1996-12-24,1996-12-04,8,True,30.54,Germany,447.2,0.0,447.2,44
10364,CUST_SK_0032,EASTC,19961126,1996-11-26,1997-01-07,1996-12-04,8,True,71.97,UK,950.0,0.0,950.0,35
10365,CUST_SK_0004,ANTON,19961127,1996-11-27,1996-12-25,1996-12-02,5,True,22.0,Mexico,403.2,0.0,403.2,24
10366,CUST_SK_0050,GALED,19961128,1996-11-28,1997-01-09,1996-12-30,32,True,10.14,Spain,136.0,0.0,136.0,10
10367,CUST_SK_0160,VAFFE,19961128,1996-11-28,1996-12-26,1996-12-02,4,True,13.55,Denmark,834.2,0.0,834.2,76
10368,CUST_SK_0035,ERNSH,19961129,1996-11-29,1996-12-27,1996-12-02,3,True,101.95,Austria,1834.2,144.42,1689.78,78
10369,CUST_SK_0146,SPLIR,19961202,1996-12-02,1996-12-30,1996-12-09,7,True,195.68,USA,2527.2,136.8,2390.4,38
10370,CUST_SK_0026,CHOPS,19961203,1996-12-03,1996-12-31,1996-12-27,24,True,1.17,Switzerland,1174.0,56.4,1117.6,65
10371,CUST_SK_0076,LAMAI,19961203,1996-12-03,1996-12-31,1996-12-24,21,True,0.45,France,91.2,18.24,72.96,6
10372,CUST_SK_0117,QUEEN,19961204,1996-12-04,1997-01-01,1996-12-09,5,True,890.78,Brazil,12281.2,3070.3,9210.9,164
10373,CUST_SK_0068,HUNGO,19961205,1996-12-05,1997-01-02,1996-12-11,6,True,124.12,Ireland,1708.0,341.6,1366.4,130
10374,CUST_SK_0175,WOLZA,19961205,1996-12-05,1997-01-02,1996-12-09,4,True,3.94,Poland,459.0,0.0,459.0,45
10375,CUST_SK_0065,HUNGC,19961206,1996-12-06,1997-01-03,1996-12-09,3,True,20.12,USA,338.0,0.0,338.0,25
10376,CUST_SK_0096,MEREP,19961209,1996-12-09,1997-01-06,1996-12-13,4,True,20.39,Canada,420.0,21.0,399.0,42
10377,CUST_SK_0140,SEVES,19961209,1996-12-09,1997-01-06,1996-12-13,4,True,22.21,UK,1016.0,152.4,863.6,40
10378,CUST_SK_0042,FOLKO,19961210,1996-12-10,1997-01-07,1996-12-19,9,True,5.44,Sweden,103.2,0.0,103.2,6
10379,CUST_SK_0114,QUEDE,19961211,1996-12-11,1997-01-08,1996-12-13,2,True,45.03,Brazil,959.2,95.91999999999999,863.28,44
10380,CUST_SK_0068,HUNGO,19961212,1996-12-12,1997-01-09,1997-01-16,35,True,35.03,Ireland,1419.8,105.97999999999999,1313.82,74
10381,CUST_SK_0085,LILAS,19961212,1996-12-12,1997-01-09,1996-12-13,1,True,7.99,Venezuela,112.0,0.0,112.0,14
10382,CUST_SK_0035,ERNSH,19961213,1996-12-13,1997-01-10,1996-12-16,3,True,94.77,Austria,2900.0,0.0,2900.0,165
10383,CUST_SK_0006,AROUT,19961216,1996-12-16,1997-01-13,1996-12-18,2,True,34.24,UK,899.0,0.0,899.0,55
10384,CUST_SK_0009,BERGS,19961216,1996-12-16,1997-01-13,1996-12-20,4,True,168.64,Sweden,2222.4,0.0,2222.4,43
10385,CUST_SK_0146,SPLIR,19961217,1996-12-17,1997-01-14,1996-12-23,6,True,30.96,USA,864.0,172.8,691.2,38
10386,CUST_SK_0036,FAMIA,19961218,1996-12-18,1997-01-01,1996-12-25,7,True,13.99,Brazil,166.0,0.0,166.0,25
10387,CUST_SK_0134,SANTG,19961218,1996-12-18,1997-01-15,1996-12-20,2,True,93.63,Norway,1058.4,0.0,1058.4,48
10388,CUST_SK_0140,SEVES,19961219,1996-12-19,1997-01-16,1996-12-20,1,True,34.86,UK,1274.0,45.2,1228.8,75
10389,CUST_SK_0020,BOTTM,19961220,1996-12-20,1997-01-17,1996-12-24,4,True,47.42,Canada,1832.8,0.0,1832.8,81
10390,CUST_SK_0035,ERNSH,19961223,1996-12-23,1997-01-20,1996-12-26,3,True,126.38,Austria,2275.2,184.32,2090.88,169
10391,CUST_SK_0029,DRACD,19961223,1996-12-23,1997-01-20,1996-12-31,8,True,5.45,Germany,86.4,0.0,86.4,18
10392,CUST_SK_0110,PICCO,19961224,1996-12-24,1997-01-21,1997-01-01,8,True,122.46,Austria,1440.0,0.0,1440.0,50
10393,CUST_SK_0137,SAVEA,19961225,1996-12-25,1997-01-22,1997-01-03,9,True,126.56,USA,3302.6,745.6500000000001,2556.95,176
10394,CUST_SK_0065,HUNGC,19961225,1996-12-25,1997-01-22,1997-01-03,9,True,30.34,USA,442.0,0.0,442.0,20
10395,CUST_SK_0064,HILAA,19961226,1996-12-26,1997-01-23,1997-01-03,8,True,184.41,Venezuela,2333.2,210.28,2122.92,106
10396,CUST_SK_0045,FRANK,19961227,1996-12-27,1997-01-10,1997-01-06,10,True,135.35,Germany,1903.8,0.0,1903.8,121
10397,CUST_SK_0112,PRINI,19961227,1996-12-27,1997-01-24,1997-01-02,6,True,60.26,Portugal,843.2,126.48,716.72,28
10398,CUST_SK_0137,SAVEA,19961230,1996-12-30,1997-01-27,1997-01-09,10,True,89.16,USA,2736.0,230.4,2505.6,150
10399,CUST_SK_0160,VAFFE,19961231,1996-12-31,1997-01-14,1997-01-08,8,True,27.36,Denmark,1765.6,0.0,1765.6,139
10400,CUST_SK_0032,EASTC,19970101,1997-01-01,1997-01-29,1997-01-16,15,True,83.93,UK,3063.0,0.0,3063.0,86
10401,CUST_SK_0124,RATTC,19970101,1997-01-01,1997-01-29,1997-01-10,9,True,12.51,USA,3868.6,0.0,3868.6,168
10402,CUST_SK_0035,ERNSH,19970102,1997-01-02,1997-02-13,1997-01-10,8,True,67.88,Austria,2713.5,0.0,2713.5,125
10403,CUST_SK_0035,ERNSH,19970103,1997-01-03,1997-01-31,1997-01-09,6,True,73.79,Austria,1005.9,150.88,855.02,91
10404,CUST_SK_0091,MAGAA,19970103,1997-01-03,1997-01-31,1997-01-08,5,True,155.97,Italy,1675.0,83.75,1591.25,100
10405,CUST_SK_0088,LINOD,19970106,1997-01-06,1997-02-03,1997-01-22,16,True,34.82,Venezuela,400.0,0.0,400.0,50
10406,CUST_SK_0117,QUEEN,19970107,1997-01-07,1997-02-18,1997-01-13,6,True,108.04,Brazil,2018.2,187.42,1830.78,89
10407,CUST_SK_0105,OTTIK,19970107,1997-01-07,1997-02-04,1997-01-30,23,True,91.48,Germany,1194.0,0.0,1194.0,60
10408,CUST_SK_0039,FOLIG,19970108,1997-01-08,1997-02-05,1997-01-14,6,True,11.26,France,1622.4,0.0,1622.4,51
10409,CUST_SK_0100,OCEAN,19970109,1997-01-09,1997-02-06,1997-01-14,5,True,29.83,Argentina,319.2,0.0,319.2,24
10410,CUST_SK_0020,BOTTM,19970110,1997-01-10,1997-02-07,1997-01-15,5,True,2.4,Canada,802.0,0.0,802.0,65
10411,CUST_SK_0020,BOTTM,19970110,1997-01-10,1997-02-07,1997-01-21,11,True,23.65,Canada,1208.5,241.7,966.8,74
10412,CUST_SK_0168,WARTH,19970113,1997-01-13,1997-02-10,1997-01-15,2,True,3.77,Finland,372.0,37.2,334.8,20
10413,CUST_SK_0076,LAMAI,19970114,1997-01-14,1997-02-11,1997-01-16,2,True,95.66,France,2123.2,0.0,2123.2,78
10414,CUST_SK_0036,FAMIA,19970114,1997-01-14,1997-02-11,1997-01-17,3,True,21.48,Brazil,231.4,6.57,224.83,68
10415,CUST_SK_0065,HUNGC,19970115,1997-01-15,1997-02-12,1997-01-24,9,True,0.2,USA,102.4,0.0,102.4,22
10416,CUST_SK_0168,WARTH,19970116,1997-01-16,1997-02-13,1997-01-27,11,True,22.72,Finland,720.0,0.0,720.0,50
10417,CUST_SK_0143,SIMOB,19970116,1997-01-16,1997-02-13,1997-01-28,12,True,70.29,Denmark,11283.2,94.8,11188.4,123
10418,CUST_SK_0120,QUICK,19970117,1997-01-17,1997-02-14,1997-01-24,7,True,17.55,Germany,1814.8,0.0,1814.8,146
10419,CUST_SK_0131,RICSU,19970120,1997-01-20,1997-02-17,1997-01-30,10,True,137.35,Switzerland,2208.0,110.39999999999999,2097.6,80
10420,CUST_SK_0170,WELLI,19970121,1997-01-21,1997-02-18,1997-01-27,6,True,44.12,Brazil,1897.6,189.76,1707.84,50
10421,CUST_SK_0114,QUEDE,19970121,1997-01-21,1997-03-04,1997-01-27,6,True,99.23,Brazil,1273.2,78.93,1194.27,59
10422,CUST_SK_0047,FRANS,19970122,1997-01-22,1997-02-19,1997-01-31,9,True,3.02,Italy,49.8,0.0,49.8,2
10423,CUST_SK_0054,GOURL,19970123,1997-01-23,1997-02-06,1997-02-24,32,True,24.5,Brazil,1020.0,0.0,1020.0,34
10424,CUST_SK_0096,MEREP,19970123,1997-01-23,1997-02-20,1997-01-27,4,True,370.61,Canada,11493.2,2298.6400000000003,9194.56,139
10425,CUST_SK_0076,LAMAI,19970124,1997-01-24,1997-02-21,1997-02-14,21,True,7.93,France,480.0,120.0,360.0,30
10426,CUST_SK_0050,GALED,19970127,1997-01-27,1997-02-24,1997-02-06,10,True,18.69,Spain,338.2,0.0,338.2,12
10427,CUST_SK_0110,PICCO,19970127,1997-01-27,1997-02-24,1997-03-03,35,True,31.29,Austria,651.0,0.0,651.0,35
10428,CUST_SK_0126,REGGC,19970128,1997-01-28,1997-02-25,1997-02-04,7,True,11.09,Italy,192.0,0.0,192.0,20
10429,CUST_SK_0068,HUNGO,19970129,1997-01-29,1997-03-12,1997-02-07,9,True,56.63,Ireland,1748.5,307.12,1441.38,75
10430,CUST_SK_0035,ERNSH,19970130,1997-01-30,1997-02-13,1997-02-03,4,True,458.78,Austria,5796.0,896.8,4899.2,195
10431,CUST_SK_0020,BOTTM,19970130,1997-01-30,1997-02-13,1997-02-07,8,True,44.17,Canada,2523.0,630.75,1892.25,130
10432,CUST_SK_0146,SPLIR,19970131,1997-01-31,1997-02-14,1997-02-07,7,True,4.34,USA,485.0,0.0,485.0,50
10433,CUST_SK_0112,PRINI,19970203,1997-02-03,1997-03-03,1997-03-04,29,True,73.83,Portugal,851.2,0.0,851.2,28
10434,CUST_SK_0042,FOLKO,19970203,1997-02-03,1997-03-03,1997-02-13,10,True,17.92,Sweden,360.0,38.88,321.12,24
10435,CUST_SK_0028,CONSH,19970204,1997-02-04,1997-03-18,1997-02-07,3,True,9.21,UK,631.6,0.0,631.6,32
10436,CUST_SK_0013,BLONP,19970205,1997-02-05,1997-03-05,1997-02-11,6,True,156.66,France,2210.8,216.28,1994.52,99
10437,CUST_SK_0168,WARTH,19970205,1997-02-05,1997-03-05,1997-02-12,7,True,19.97,Finland,393.0,0.0,393.0,15
10438,CUST_SK_0152,TOMSP,19970206,1997-02-06,1997-03-06,1997-02-14,8,True,8.24,Germany,567.5,113.5,454.0,50
10439,CUST_SK_0096,MEREP,19970207,1997-02-07,1997-03-07,1997-02-10,3,True,4.07,Canada,1078.0,0.0,1078.0,67
10440,CUST_SK_0137,SAVEA,19970210,1997-02-10,1997-03-10,1997-02-28,18,True,86.53,USA,5793.1,868.96,4924.14,208
10441,CUST_SK_0103,OLDWO,19970210,1997-02-10,1997-03-24,1997-03-14,32,True,73.02,USA,1755.0,0.0,1755.0,50
10442,CUST_SK_0035,ERNSH,19970211,1997-02-11,1997-03-11,1997-02-18,7,True,47.94,Austria,1792.0,0.0,1792.0,170
10443,CUST_SK_0126,REGGC,19970212,1997-02-12,1997-03-12,1997-02-14,2,True,13.95,Italy,537.6,20.16,517.44,18
10444,CUST_SK_0009,BERGS,19970212,1997-02-12,1997-03-12,1997-02-21,9,True,3.5,Sweden,1031.7,0.0,1031.7,63
10445,CUST_SK_0009,BERGS,19970213,1997-02-13,1997-03-13,1997-02-20,7,True,9.3,Sweden,174.9,0.0,174.9,21
10446,CUST_SK_0152,TOMSP,19970214,1997-02-14,1997-03-14,1997-02-19,5,True,14.68,Germany,273.6,27.36,246.24,50
10447,CUST_SK_0128,RICAR,19970214,1997-02-14,1997-03-14,1997-03-07,21,True,68.66,Brazil,914.4,0.0,914.4,77
10448,CUST_SK_0121,RANCH,19970217,1997-02-17,1997-03-17,1997-02-24,7,True,38.82,Argentina,443.4,0.0,443.4,26
10449,CUST_SK_0013,BLONP,19970218,1997-02-18,1997-03-18,1997-02-27,9,True,53.3,France,1838.2,0.0,1838.2,69
10450,CUST_SK_0162,VICTE,19970219,1997-02-19,1997-03-19,1997-03-11,20,True,7.23,France,531.4,106.28,425.12,26
10451,CUST_SK_0120,QUICK,19970219,1997-02-19,1997-03-05,1997-03-12,21,True,189.09,Germany,4277.4,427.74,3849.66,238
10452,CUST_SK_0137,SAVEA,19970220,1997-02-20,1997-03-20,1997-02-26,6,True,140.26,USA,2096.0,77.5,2018.5,115
10453,CUST_SK_0006,AROUT,19970221,1997-02-21,1997-03-21,1997-02-26,5,True,25.36,UK,453.0,45.3,407.7,40
10454,CUST_SK_0076,LAMAI,19970221,1997-02-21,1997-03-21,1997-02-25,4,True,2.74,France,414.0,82.8,331.2,50
10455,CUST_SK_0168,WARTH,19970224,1997-02-24,1997-04-07,1997-03-03,7,True,180.45,Finland,2684.0,0.0,2684.0,125
10456,CUST_SK_0073,KOENE,19970225,1997-02-25,1997-04-08,1997-02-28,3,True,8.12,Germany,656.0,98.4,557.6,61
10457,CUST_SK_0073,KOENE,19970225,1997-02-25,1997-03-25,1997-03-03,6,True,11.57,Germany,1584.0,0.0,1584.0,36
10458,CUST_SK_0149,SUPRD,19970226,1997-02-26,1997-03-26,1997-03-04,6,True,147.06,Belgium,3891.0,0.0,3891.0,145
10459,CUST_SK_0162,VICTE,19970227,1997-02-27,1997-03-27,1997-02-28,1,True,25.09,France,1688.0,28.799999999999997,1659.2,76
10460,CUST_SK_0042,FOLKO,19970228,1997-02-28,1997-03-28,1997-03-03,3,True,16.27,Sweden,234.8,58.7,176.1,25
10461,CUST_SK_0085,LILAS,19970228,1997-02-28,1997-03-28,1997-03-05,5,True,148.61,Venezuela,2051.6,512.9,1538.7,128
10462,CUST_SK_0028,CONSH,19970303,1997-03-03,1997-03-31,1997-03-18,15,True,6.17,UK,156.0,0.0,156.0,22
10463,CUST_SK_0149,SUPRD,19970304,1997-03-04,1997-04-01,1997-03-06,2,True,14.78,Belgium,713.3,0.0,713.3,71
10464,CUST_SK_0049,FURIB,19970304,1997-03-04,1997-04-01,1997-03-14,10,True,89.0,Portugal,1848.0,238.72,1609.28,69
10465,CUST_SK_0160,VAFFE,19970305,1997-03-05,1997-04-02,1997-03-14,9,True,145.04,Denmark,2719.0,201.0,2518.0,118
10466,CUST_SK_0027,COMMI,19970306,1997-03-06,1997-04-03,1997-03-13,7,True,11.93,Brazil,216.0,0.0,216.0,15
10467,CUST_SK_0091,MAGAA,19970306,1997-03-06,1997-04-03,1997-03-11,5,True,4.93,Italy,235.2,0.0,235.2,40
10468,CUST_SK_0073,KOENE,19970307,1997-03-07,1997-04-04,1997-03-12,5,True,44.12,Germany,717.6,0.0,717.6,23
10469,CUST_SK_0173,WHITC,19970310,1997-03-10,1997-04-07,1997-03-14,4,True,60.18,USA,1125.5,168.82,956.68,77
10470,CUST_SK_0017,BONAP,19970311,1997-03-11,1997-04-08,1997-03-14,3,True,64.56,France,1820.8,0.0,1820.8,53
10471,CUST_SK_0022,BSBEV,19970311,1997-03-11,1997-04-08,1997-03-18,7,True,45.59,UK,1328.0,0.0,1328.0,50
10472,CUST_SK_0140,SEVES,19970312,1997-03-12,1997-04-09,1997-03-19,7,True,4.2,UK,1051.2,14.4,1036.8,98
10473,CUST_SK_0070,ISLAT,19970313,1997-03-13,1997-03-27,1997-03-21,8,True,16.37,UK,230.4,0.0,230.4,24
10474,CUST_SK_0107,PERIC,19970313,1997-03-13,1997-04-10,1997-03-21,8,True,83.49,Mexico,1249.1,0.0,1249.1,61
10475,CUST_SK_0149,SUPRD,19970314,1997-03-14,1997-04-11,1997-04-04,21,True,68.52,Belgium,1770.8,265.62,1505.18,137
10476,CUST_SK_0064,HILAA,19970317,1997-03-17,1997-04-14,1997-03-24,7,True,4.41,Venezuela,182.4,1.92,180.48,14
10477,CUST_SK_0112,PRINI,19970317,1997-03-17,1997-04-14,1997-03-25,8,True,13.02,Portugal,672.0,114.0,558.0,56
10478,CUST_SK_0162,VICTE,19970318,1997-03-18,1997-04-01,1997-03-26,8,True,4.81,France,496.0,24.8,471.2,20
10479,CUST_SK_0124,RATTC,19970319,1997-03-19,1997-04-16,1997-03-21,2,True,708.95,USA,10495.6,0.0,10495.6,148
10480,CUST_SK_0039,FOLIG,19970320,1997-03-20,1997-04-17,1997-03-24,4,True,1.35,France,756.0,0.0,756.0,42
10481,CUST_SK_0128,RICAR,19970320,1997-03-20,1997-04-17,1997-03-25,5,True,64.33,Brazil,1472.0,0.0,1472.0,64
10482,CUST_SK_0078,LAZYK,19970321,1997-03-21,1997-04-18,1997-04-10,20,True,7.48,USA,147.0,0.0,147.0,10
10483,CUST_SK_0173,WHITC,19970324,1997-03-24,1997-04-21,1997-04-25,32,True,15.28,USA,704.0,35.2,668.8,65
10484,CUST_SK_0022,BSBEV,19970324,1997-03-24,1997-04-21,1997-04-01,8,True,6.88,UK,386.2,0.0,386.2,27
10485,CUST_SK_0088,LINOD,19970325,1997-03-25,1997-04-08,1997-03-31,6,True,64.45,Venezuela,1760.0,176.0,1584.0,130
10486,CUST_SK_0064,HILAA,19970326,1997-03-26,1997-04-23,1997-04-02,7,True,30.53,Venezuela,1272.0,0.0,1272.0,46
10487,CUST_SK_0117,QUEEN,19970326,1997-03-26,1997-04-23,1997-03-28,2,True,71.07,Brazil,925.1,35.4,889.7,59
10488,CUST_SK_0045,FRANK,19970327,1997-03-27,1997-04-24,1997-04-02,6,True,4.93,Germany,1560.0,48.0,1512.0,50
10489,CUST_SK_0110,PICCO,19970328,1997-03-28,1997-04-25,1997-04-09,12,True,5.29,Austria,502.2,63.0,439.2,33
10490,CUST_SK_0064,HILAA,19970331,1997-03-31,1997-04-28,1997-04-03,3,True,210.19,Venezuela,3163.2,0.0,3163.2,126
10491,CUST_SK_0049,FURIB,19970331,1997-03-31,1997-04-28,1997-04-08,8,True,16.96,Portugal,305.3,45.800000000000004,259.5,22
10492,CUST_SK_0020,BOTTM,19970401,1997-04-01,1997-04-29,1997-04-11,10,True,62.89,Canada,896.0,44.8,851.2,80
10493,CUST_SK_0076,LAMAI,19970402,1997-04-02,1997-04-30,1997-04-10,8,True,10.64,France,676.0,67.6,608.4,35
10494,CUST_SK_0027,COMMI,19970402,1997-04-02,1997-04-30,1997-04-09,7,True,65.99,Brazil,912.0,0.0,912.0,30
10495,CUST_SK_0077,LAUGB,19970403,1997-04-03,1997-05-01,1997-04-11,8,True,4.65,Canada,278.0,0.0,278.0,35
10496,CUST_SK_0156,TRADH,19970404,1997-04-04,1997-05-02,1997-04-07,3,True,46.77,Brazil,200.0,10.0,190.0,20
10497,CUST_SK_0081,LEHMS,19970404,1997-04-04,1997-05-02,1997-04-07,3,True,36.21,Germany,1380.6,0.0,1380.6,64
10498,CUST_SK_0064,HILAA,19970407,1997-04-07,1997-05-05,1997-04-11,4,True,29.75,Venezuela,575.0,0.0,575.0,49
10499,CUST_SK_0085,LILAS,19970408,1997-04-08,1997-05-06,1997-04-16,8,True,102.02,Venezuela,1412.0,0.0,1412.0,45
10500,CUST_SK_0076,LAMAI,19970409,1997-04-09,1997-05-07,1997-04-17,8,True,42.68,France,550.8,27.54,523.26,20
10501,CUST_SK_0010,BLAUS,19970409,1997-04-09,1997-05-07,1997-04-16,7,True,8.85,Germany,149.0,0.0,149.0,20
10502,CUST_SK_0107,PERIC,19970410,1997-04-10,1997-05-08,1997-04-29,19,True,69.32,Mexico,816.3,0.0,816.3,57
10503,CUST_SK_0068,HUNGO,19970411,1997-04-11,1997-05-09,1997-04-16,5,True,16.74,Ireland,2048.5,0.0,2048.5,90
10504,CUST_SK_0173,WHITC,19970411,1997-04-11,1997-05-09,1997-04-18,7,True,59.13,USA,1388.5,0.0,1388.5,59
10505,CUST_SK_0096,MEREP,19970414,1997-04-14,1997-05-12,1997-04-21,7,True,7.13,Canada,147.9,0.0,147.9,3
10506,CUST_SK_0073,KOENE,19970415,1997-04-15,1997-05-13,1997-05-02,17,True,21.19,Germany,462.0,46.2,415.8,32
10507,CUST_SK_0004,ANTON,19970415,1997-04-15,1997-05-13,1997-04-22,7,True,47.45,Mexico,881.25,132.19,749.06,30
10508,CUST_SK_0105,OTTIK,19970416,1997-04-16,1997-05-14,1997-05-13,27,True,4.99,Germany,240.0,0.0,240.0,20
10509,CUST_SK_0010,BLAUS,19970417,1997-04-17,1997-05-15,1997-04-29,12,True,0.15,Germany,136.8,0.0,136.8,3
10510,CUST_SK_0137,SAVEA,19970418,1997-04-18,1997-05-16,1997-04-28,10,True,367.63,USA,4735.44,27.9,4707.54,72
10511,CUST_SK_0017,BONAP,19970418,1997-04-18,1997-05-16,1997-04-21,3,True,350.64,France,3000.0,450.0,2550.0,110
10512,CUST_SK_0036,FAMIA,19970421,1997-04-21,1997-05-19,1997-04-24,3,True,3.53,Brazil,618.0,92.7,525.3,37
10513,CUST_SK_0165,WANDK,19970422,1997-04-22,1997-06-03,1997-04-28,6,True,105.65,Germany,2427.5,485.5,1942.0,105
10514,CUST_SK_0035,ERNSH,19970422,1997-04-22,1997-05-20,1997-05-16,24,True,789.95,Austria,8623.45,0.0,8623.45,233
10515,CUST_SK_0120,QUICK,19970423,1997-04-23,1997-05-07,1997-05-23,30,True,204.47,Germany,10588.5,667.2,9921.3,286
10516,CUST_SK_0068,HUNGO,19970424,1997-04-24,1997-05-22,1997-05-01,7,True,62.78,Ireland,2614.5,233.45,2381.05,125
10517,CUST_SK_0099,NORTS,19970424,1997-04-24,1997-05-22,1997-04-29,5,True,32.07,UK,352.0,0.0,352.0,16
10518,CUST_SK_0154,TORTU,19970425,1997-04-25,1997-05-09,1997-05-05,10,True,218.15,Mexico,4150.05,0.0,4150.05,29
10519,CUST_SK_0026,CHOPS,19970428,1997-04-28,1997-05-26,1997-05-01,3,True,91.76,Switzerland,2356.0,41.8,2314.2,66
10520,CUST_SK_0134,SANTG,19970429,1997-04-29,1997-05-27,1997-05-01,2,True,13.37,Norway,200.0,0.0,200.0,13
10521,CUST_SK_0023,CACTU,19970429,1997-04-29,1997-05-27,1997-05-02,3,True,17.22,Argentina,225.5,0.0,225.5,19
10522,CUST_SK_0081,LEHMS,19970430,1997-04-30,1997-05-28,1997-05-06,6,True,45.33,Germany,2657.8,339.56,2318.24,109
10523,CUST_SK_0140,SEVES,19970501,1997-05-01,1997-05-29,1997-05-30,29,True,77.63,UK,2715.9,271.59,2444.31,64
10524,CUST_SK_0009,BERGS,19970501,1997-05-01,1997-05-29,1997-05-07,6,True,244.79,Sweden,3192.65,0.0,3192.65,87
10525,CUST_SK_0017,BONAP,19970502,1997-05-02,1997-05-30,1997-05-23,21,True,11.06,France,846.0,27.6,818.4,45
10526,CUST_SK_0168,WARTH,19970505,1997-05-05,1997-06-02,1997-05-15,10,True,58.59,Finland,1344.0,192.6,1151.4,48
10527,CUST_SK_0120,QUICK,19970505,1997-05-05,1997-06-02,1997-05-07,2,True,41.9,Germany,1670.0,167.0,1503.0,80
10528,CUST_SK_0057,GREAL,19970506,1997-05-06,1997-05-20,1997-05-09,3,True,3.35,USA,396.2,4.0,392.2,20
10529,CUST_SK_0093,MAISD,19970507,1997-05-07,1997-06-04,1997-05-09,2,True,66.69,Belgium,946.0,0.0,946.0,44
10530,CUST_SK_0110,PICCO,19970508,1997-05-08,1997-06-05,1997-05-12,4,True,339.22,Austria,4180.0,0.0,4180.0,135
10531,CUST_SK_0100,OCEAN,19970508,1997-05-08,1997-06-05,1997-05-19,11,True,8.12,Argentina,110.0,0.0,110.0,2
10532,CUST_SK_0032,EASTC,19970509,1997-05-09,1997-06-06,1997-05-12,3,True,74.46,UK,796.35,0.0,796.35,39
10533,CUST_SK_0042,FOLKO,19970512,1997-05-12,1997-06-09,1997-05-22,10,True,188.04,Sweden,2295.2,73.0,2222.2,98
10534,CUST_SK_0081,LEHMS,19970512,1997-05-12,1997-06-09,1997-05-14,2,True,27.94,Germany,517.4,51.699999999999996,465.7,30
10535,CUST_SK_0004,ANTON,19970513,1997-05-13,1997-06-10,1997-05-21,8,True,15.64,Mexico,2156.5,215.65,1940.85,80
10536,CUST_SK_0081,LEHMS,19970514,1997-05-14,1997-06-11,1997-06-06,23,True,58.88,Germany,2085.0,440.0,1645.0,100
10537,CUST_SK_0131,RICSU,19970514,1997-05-14,1997-05-28,1997-05-19,5,True,78.85,Switzerland,1823.8,0.0,1823.8,86
10538,CUST_SK_0022,BSBEV,19970515,1997-05-15,1997-06-12,1997-05-16,1,True,4.87,UK,139.8,0.0,139.8,8
10539,CUST_SK_0022,BSBEV,19970516,1997-05-16,1997-06-13,1997-05-23,7,True,12.36,UK,355.5,0.0,355.5,44
10540,CUST_SK_0120,QUICK,19970519,1997-05-19,1997-06-16,1997-06-13,25,True,1007.64,Germany,10191.7,0.0,10191.7,165
10541,CUST_SK_0061,HANAR,19970519,1997-05-19,1997-06-16,1997-05-29,10,True,68.65,Brazil,2162.8,216.28,1946.52,84
10542,CUST_SK_0073,KOENE,19970520,1997-05-20,1997-06-17,1997-05-26,6,True,10.95,Germany,493.8,24.689999999999998,469.11,39
10543,CUST_SK_0085,LILAS,19970521,1997-05-21,1997-06-18,1997-05-23,2,True,48.17,Venezuela,1770.0,265.5,1504.5,100
10544,CUST_SK_0089,LONEP,19970521,1997-05-21,1997-06-18,1997-05-30,9,True,24.91,USA,417.2,0.0,417.2,14
10545,CUST_SK_0078,LAZYK,19970522,1997-05-22,1997-06-19,1997-06-26,35,True,11.92,USA,210.0,0.0,210.0,10
10546,CUST_SK_0162,VICTE,19970523,1997-05-23,1997-06-20,1997-05-27,4,True,194.72,France,2812.0,0.0,2812.0,80
10547,CUST_SK_0140,SEVES,19970523,1997-05-23,1997-06-20,1997-06-02,10,True,178.43,UK,1908.0,115.2,1792.8,84
10548,CUST_SK_0152,TOMSP,19970526,1997-05-26,1997-06-23,1997-06-02,7,True,1.43,Germany,275.1,35.0,240.1,24
10549,CUST_SK_0120,QUICK,19970527,1997-05-27,1997-06-10,1997-05-30,3,True,171.24,Germany,4181.5,627.22,3554.28,203
10550,CUST_SK_0052,GODOS,19970528,1997-05-28,1997-06-25,1997-06-06,9,True,4.32,Spain,749.0,65.7,683.3,34
10551,CUST_SK_0049,FURIB,19970528,1997-05-28,1997-07-09,1997-06-06,9,True,72.95,Portugal,1836.0,158.7,1677.3,100
10552,CUST_SK_0064,HILAA,19970529,1997-05-29,1997-06-26,1997-06-05,7,True,83.22,Venezuela,880.5,0.0,880.5,48
10553,CUST_SK_0168,WARTH,19970530,1997-05-30,1997-06-27,1997-06-03,4,True,149.49,Finland,1546.3,0.0,1546.3,89
10554,CUST_SK_0105,OTTIK,19970530,1997-05-30,1997-06-27,1997-06-05,6,True,120.97,Germany,1819.5,90.97999999999999,1728.52,80
10555,CUST_SK_0137,SAVEA,19970602,1997-06-02,1997-06-30,1997-06-04,2,True,252.49,USA,3680.5,736.1,2944.4,143
10556,CUST_SK_0143,SIMOB,19970603,1997-06-03,1997-07-15,1997-06-13,10,True,9.8,Denmark,835.2,0.0,835.2,24
10557,CUST_SK_0081,LEHMS,19970603,1997-06-03,1997-06-17,1997-06-06,3,True,96.72,Germany,1152.5,0.0,1152.5,50
10558,CUST_SK_0006,AROUT,19970604,1997-06-04,1997-07-02,1997-06-10,6,True,72.97,UK,2142.9,0.0,2142.9,96
10559,CUST_SK_0013,BLONP,19970605,1997-06-05,1997-07-03,1997-06-13,8,True,8.05,France,547.8,27.39,520.41,30
10560,CUST_SK_0045,FRANK,19970606,1997-06-06,1997-07-04,1997-06-09,3,True,36.65,Germany,1257.3,184.88,1072.42,35
10561,CUST_SK_0042,FOLKO,19970606,1997-06-06,1997-07-04,1997-06-09,3,True,242.21,Sweden,2844.5,0.0,2844.5,60
10562,CUST_SK_0126,REGGC,19970609,1997-06-09,1997-07-07,1997-06-12,3,True,22.95,Italy,543.0,54.3,488.7,30
10563,CUST_SK_0128,RICAR,19970610,1997-06-10,1997-07-22,1997-06-24,14,True,60.43,Brazil,965.0,0.0,965.0,95
10564,CUST_SK_0124,RATTC,19970610,1997-06-10,1997-07-08,1997-06-16,6,True,13.75,USA,1299.0,64.95,1234.05,47
10565,CUST_SK_0096,MEREP,19970611,1997-06-11,1997-07-09,1997-06-18,7,True,7.15,Canada,711.0,71.1,639.9,43
10566,CUST_SK_0013,BLONP,19970612,1997-06-12,1997-07-10,1997-06-18,6,True,88.4,France,2040.0,279.0,1761.0,63
10567,CUST_SK_0068,HUNGO,19970612,1997-06-12,1997-07-10,1997-06-17,5,True,33.97,Ireland,3109.0,590.0,2519.0,103
10568,CUST_SK_0050,GALED,19970613,1997-06-13,1997-07-11,1997-07-09,26,True,6.54,Spain,155.0,0.0,155.0,5
10569,CUST_SK_0124,RATTC,19970616,1997-06-16,1997-07-14,1997-07-11,25,True,58.98,USA,977.5,87.5,890.0,65
10570,CUST_SK_0096,MEREP,19970617,1997-06-17,1997-07-15,1997-06-19,2,True,188.99,Canada,2595.0,129.75,2465.25,75
10571,CUST_SK_0035,ERNSH,19970617,1997-06-17,1997-07-29,1997-07-04,17,True,26.06,Austria,647.75,97.16,550.59,39
10572,CUST_SK_0009,BERGS,19970618,1997-06-18,1997-07-16,1997-06-25,7,True,116.43,Sweden,1565.65,64.56,1501.09,87
10573,CUST_SK_0004,ANTON,19970619,1997-06-19,1997-07-17,1997-06-20,1,True,84.84,Mexico,2082.0,0.0,2082.0,83
10574,CUST_SK_0157,TRAIH,19970619,1997-06-19,1997-07-17,1997-06-30,11,True,37.6,USA,764.3,0.0,764.3,32
10575,CUST_SK_0098,MORGK,19970620,1997-06-20,1997-07-04,1997-06-30,10,True,127.34,Germany,2147.4,0.0,2147.4,58
10576,CUST_SK_0154,TORTU,19970623,1997-06-23,1997-07-07,1997-06-30,7,True,18.56,Mexico,838.45,0.0,838.45,51
10577,CUST_SK_0157,TRAIH,19970623,1997-06-23,1997-08-04,1997-06-30,7,True,25.41,USA,569.0,0.0,569.0,48
10578,CUST_SK_0022,BSBEV,19970624,1997-06-24,1997-07-22,1997-07-25,31,True,29.6,UK,477.0,0.0,477.0,26
10579,CUST_SK_0082,LETSS,19970625,1997-06-25,1997-07-23,1997-07-04,9,True,13.73,USA,317.75,0.0,317.75,31
10580,CUST_SK_0105,OTTIK,19970626,1997-06-26,1997-07-24,1997-07-01,5,True,75.89,Germany,1067.1,53.36,1013.74,54
10581,CUST_SK_0036,FAMIA,19970626,1997-06-26,1997-07-24,1997-07-02,6,True,3.01,Brazil,387.5,77.5,310.0,50
10582,CUST_SK_0010,BLAUS,19970627,1997-06-27,1997-07-25,1997-07-14,17,True,27.71,Germany,330.0,0.0,330.0,18
10583,CUST_SK_0168,WARTH,19970630,1997-06-30,1997-07-28,1997-07-04,4,True,7.28,Finland,2413.9,176.4,2237.5,44
10584,CUST_SK_0013,BLONP,19970630,1997-06-30,1997-07-28,1997-07-04,4,True,59.14,France,625.0,31.25,593.75,50
10585,CUST_SK_0170,WELLI,19970701,1997-07-01,1997-07-29,1997-07-10,9,True,13.41,Brazil,142.5,0.0,142.5,15
10586,CUST_SK_0126,REGGC,19970702,1997-07-02,1997-07-30,1997-07-09,7,True,0.48,Italy,28.0,4.2,23.8,4
10587,CUST_SK_0114,QUEDE,19970702,1997-07-02,1997-07-30,1997-07-09,7,True,62.52,Brazil,807.38,0.0,807.38,46
10588,CUST_SK_0120,QUICK,19970703,1997-07-03,1997-07-31,1997-07-10,7,True,194.67,Germany,3900.0,780.0,3120.0,140
10589,CUST_SK_0057,GREAL,19970704,1997-07-04,1997-08-01,1997-07-14,10,True,4.42,USA,72.0,0.0,72.0,4
10590,CUST_SK_0096,MEREP,19970707,1997-07-07,1997-08-04,1997-07-14,7,True,44.77,Canada,1140.0,39.0,1101.0,80
10591,CUST_SK_0160,VAFFE,19970707,1997-07-07,1997-07-21,1997-07-16,9,True,55.92,Denmark,812.5,0.0,812.5,74
10592,CUST_SK_0081,LEHMS,19970708,1997-07-08,1997-08-05,1997-07-16,8,True,32.1,Germany,543.65,27.189999999999998,516.46,30
10593,CUST_SK_0081,LEHMS,19970709,1997-07-09,1997-08-06,1997-08-13,35,True,174.2,Germany,2493.0,498.59999999999997,1994.4,45
10594,CUST_SK_0103,OLDWO,19970709,1997-07-09,1997-08-06,1997-07-16,7,True,5.24,USA,565.5,0.0,565.5,54
10595,CUST_SK_0035,ERNSH,19970710,1997-07-10,1997-08-07,1997-07-14,4,True,96.78,Austria,6300.0,1575.0,4725.0,215
10596,CUST_SK_0173,WHITC,19970711,1997-07-11,1997-08-08,1997-08-12,32,True,16.34,USA,1476.1,295.22,1180.88,59
10597,CUST_SK_0110,PICCO,19970711,1997-07-11,1997-08-08,1997-07-18,7,True,35.12,Austria,800.1,82.02000000000001,718.08,67
10598,CUST_SK_0124,RATTC,19970714,1997-07-14,1997-08-11,1997-07-18,4,True,44.42,USA,2388.5,0.0,2388.5,59
10599,CUST_SK_0022,BSBEV,19970715,1997-07-15,1997-08-26,1997-07-21,6,True,29.98,UK,493.0,0.0,493.0,10
10600,CUST_SK_0065,HUNGC,19970716,1997-07-16,1997-08-13,1997-07-21,5,True,45.13,USA,479.8,0.0,479.8,34
10601,CUST_SK_0064,HILAA,19970716,1997-07-16,1997-08-27,1997-07-22,6,True,58.3,Venezuela,2285.0,0.0,2285.0,95
10602,CUST_SK_0160,VAFFE,19970717,1997-07-17,1997-08-14,1997-07-22,5,True,2.92,Denmark,65.0,16.25,48.75,5
10603,CUST_SK_0137,SAVEA,19970718,1997-07-18,1997-08-15,1997-08-08,21,True,48.77,USA,1508.0,25.0,1483.0,73
10604,CUST_SK_0049,FURIB,19970718,1997-07-18,1997-08-15,1997-07-29,11,True,7.46,Portugal,256.5,25.65,230.85,16
10605,CUST_SK_0096,MEREP,19970721,1997-07-21,1997-08-18,1997-07-29,8,True,379.13,Canada,4326.0,216.3,4109.7,135
10606,CUST_SK_0156,TRADH,19970722,1997-07-22,1997-08-19,1997-07-31,9,True,79.4,Brazil,1413.0,282.6,1130.4,50
10607,CUST_SK_0137,SAVEA,19970722,1997-07-22,1997-08-19,1997-07-25,3,True,200.24,USA,6475.4,0.0,6475.4,213
10608,CUST_SK_0152,TOMSP,19970723,1997-07-23,1997-08-20,1997-08-01,9,True,27.79,Germany,1064.0,0.0,1064.0,28
10609,CUST_SK_0030,DUMON,19970724,1997-07-24,1997-08-21,1997-07-30,6,True,1.85,France,424.0,0.0,424.0,19
10610,CUST_SK_0076,LAMAI,19970725,1997-07-25,1997-08-22,1997-08-06,12,True,26.78,France,399.0,99.75,299.25,21
10611,CUST_SK_0175,WOLZA,19970725,1997-07-25,1997-08-22,1997-08-01,7,True,80.65,Poland,808.0,0.0,808.0,31
10612,CUST_SK_0137,SAVEA,19970728,1997-07-28,1997-08-25,1997-08-01,4,True,544.08,USA,6375.0,0.0,6375.0,263
10613,CUST_SK_0064,HILAA,19970729,1997-07-29,1997-08-26,1997-08-01,3,True,8.11,Venezuela,358.0,4.8,353.2,48
10614,CUST_SK_0010,BLAUS,19970729,1997-07-29,1997-08-26,1997-08-01,3,True,1.93,Germany,464.0,0.0,464.0,27
10615,CUST_SK_0174,WILMK,19970730,1997-07-30,1997-08-27,1997-08-06,7,True,0.75,Finland,120.0,0.0,120.0,5
10616,CUST_SK_0057,GREAL,19970731,1997-07-31,1997-08-28,1997-08-05,5,True,116.53,USA,5032.0,224.99,4807.01,59
10617,CUST_SK_0057,GREAL,19970731,1997-07-31,1997-08-28,1997-08-04,4,True,18.53,USA,1650.0,247.5,1402.5,30
10618,CUST_SK_0096,MEREP,19970801,1997-08-01,1997-09-12,1997-08-08,7,True,154.68,Canada,2697.5,0.0,2697.5,105
10619,CUST_SK_0096,MEREP,19970804,1997-08-04,1997-09-01,1997-08-07,3,True,91.05,Canada,1260.0,0.0,1260.0,82
10620,CUST_SK_0077,LAUGB,19970805,1997-08-05,1997-09-02,1997-08-14,9,True,0.94,Canada,57.5,0.0,57.5,10
10621,CUST_SK_0070,ISLAT,19970805,1997-08-05,1997-09-02,1997-08-11,6,True,23.73,UK,758.5,0.0,758.5,50
10622,CUST_SK_0128,RICAR,19970806,1997-08-06,1997-09-03,1997-08-11,5,True,50.97,Brazil,605.0,45.0,560.0,38
10623,CUST_SK_0045,FRANK,19970807,1997-08-07,1997-09-04,1997-08-12,5,True,97.18,Germany,1429.75,92.8,1336.95,94
10624,CUST_SK_0151,THECR,19970807,1997-08-07,1997-09-04,1997-08-19,12,True,94.8,USA,1393.24,0.0,1393.24,26
10625,CUST_SK_0002,ANATR,19970808,1997-08-08,1997-09-05,1997-08-14,6,True,43.9,Mexico,479.75,0.0,479.75,18
10626,CUST_SK_0009,BERGS,19970811,1997-08-11,1997-09-08,1997-08-20,9,True,138.69,Sweden,1503.6,0.0,1503.6,52
10627,CUST_SK_0137,SAVEA,19970811,1997-08-11,1997-09-22,1997-08-21,10,True,107.46,USA,1264.5,78.75,1185.75,50
10628,CUST_SK_0013,BLONP,19970812,1997-08-12,1997-09-09,1997-08-20,8,True,30.36,France,450.0,0.0,450.0,25
10629,CUST_SK_0052,GODOS,19970812,1997-08-12,1997-09-09,1997-08-20,8,True,85.46,Spain,2775.05,0.0,2775.05,29
10630,CUST_SK_0073,KOENE,19970813,1997-08-13,1997-09-10,1997-08-19,6,True,32.35,Germany,918.0,14.4,903.6,47
10631,CUST_SK_0076,LAMAI,19970814,1997-08-14,1997-09-11,1997-08-15,1,True,0.87,France,62.0,6.2,55.8,8
10632,CUST_SK_0165,WANDK,19970814,1997-08-14,1997-09-11,1997-08-19,5,True,41.38,Germany,620.0,31.0,589.0,50
10633,CUST_SK_0035,ERNSH,19970815,1997-08-15,1997-09-12,1997-08-18,3,True,477.9,Austria,6483.05,972.46,5510.59,164
10634,CUST_SK_0039,FOLIG,19970815,1997-08-15,1997-09-12,1997-08-21,6,True,487.38,France,4985.5,0.0,4985.5,102
10635,CUST_SK_0091,MAGAA,19970818,1997-08-18,1997-09-15,1997-08-21,3,True,47.46,Italy,1380.25,54.02,1326.23,65
10636,CUST_SK_0168,WARTH,19970819,1997-08-19,1997-09-16,1997-08-26,7,True,1.15,Finland,629.5,0.0,629.5,31
10637,CUST_SK_0117,QUEEN,19970819,1997-08-19,1997-09-16,1997-08-26,7,True,201.29,Brazil,2896.25,134.31,2761.94,95
10638,CUST_SK_0088,LINOD,19970820,1997-08-20,1997-09-17,1997-09-01,12,True,158.44,Venezuela,2720.05,0.0,2720.05,101
10639,CUST_SK_0134,SANTG,19970820,1997-08-20,1997-09-17,1997-08-27,7,True,38.64,Norway,500.0,0.0,500.0,8
10640,CUST_SK_0165,WANDK,19970821,1997-08-21,1997-09-18,1997-08-28,7,True,23.55,Germany,945.0,236.25,708.75,35
10641,CUST_SK_0064,HILAA,19970822,1997-08-22,1997-09-19,1997-08-26,4,True,179.61,Venezuela,2054.0,0.0,2054.0,110
10642,CUST_SK_0143,SIMOB,19970822,1997-08-22,1997-09-19,1997-09-05,14,True,41.89,Denmark,870.0,174.0,696.0,50
10643,CUST_SK_0001,ALFKI,19970825,1997-08-25,1997-09-22,1997-09-02,8,True,29.46,Germany,1086.0,271.5,814.5,38
10644,CUST_SK_0170,WELLI,19970825,1997-08-25,1997-09-22,1997-09-01,7,True,0.14,Brazil,1422.0,50.2,1371.8,45
10645,CUST_SK_0061,HANAR,19970826,1997-08-26,1997-09-23,1997-09-02,7,True,12.41,Brazil,1535.0,0.0,1535.0,35
10646,CUST_SK_0068,HUNGO,19970827,1997-08-27,1997-10-08,1997-09-03,7,True,142.33,Ireland,1928.0,482.0,1446.0,98
10647,CUST_SK_0114,QUEDE,19970827,1997-08-27,1997-09-10,1997-09-03,7,True,45.54,Brazil,636.0,0.0,636.0,50
10648,CUST_SK_0128,RICAR,19970828,1997-08-28,1997-10-09,1997-09-09,12,True,14.25,Brazil,382.5,10.12,372.38,30
10649,CUST_SK_0093,MAISD,19970828,1997-08-28,1997-09-25,1997-08-29,1,True,6.2,Belgium,1434.0,0.0,1434.0,35
10650,CUST_SK_0036,FAMIA,19970829,1997-08-29,1997-09-26,1997-09-03,5,True,176.81,Brazil,1820.2,41.0,1779.2,85
10651,CUST_SK_0165,WANDK,19970901,1997-09-01,1997-09-29,1997-09-11,10,True,20.6,Germany,530.4,132.6,397.8,32
10652,CUST_SK_0054,GOURL,19970901,1997-09-01,1997-09-29,1997-09-08,7,True,7.14,Brazil,331.78,12.94,318.84,22
10653,CUST_SK_0045,FRANK,19970902,1997-09-02,1997-09-30,1997-09-19,17,True,93.25,Germany,1203.5,120.35,1083.15,50
10654,CUST_SK_0009,BERGS,19970902,1997-09-02,1997-09-30,1997-09-11,9,True,55.26,Sweden,668.7,66.87,601.83,38
10655,CUST_SK_0126,REGGC,19970903,1997-09-03,1997-10-01,1997-09-11,8,True,4.41,Italy,193.0,38.6,154.4,20
10656,CUST_SK_0057,GREAL,19970904,1997-09-04,1997-10-02,1997-09-10,6,True,57.15,USA,671.35,67.14,604.21,37
10657,CUST_SK_0137,SAVEA,19970904,1997-09-04,1997-10-02,1997-09-15,11,True,352.69,USA,4371.6,0.0,4371.6,204
10658,CUST_SK_0120,QUICK,19970905,1997-09-05,1997-10-03,1997-09-08,3,True,364.15,Germany,4668.0,203.4,4464.6,255
10659,CUST_SK_0117,QUEEN,19970905,1997-09-05,1997-10-03,1997-09-10,5,True,105.81,Brazil,1291.6,64.58,1227.02,84
10660,CUST_SK_0065,HUNGC,19970908,1997-09-08,1997-10-06,1997-10-15,37,True,111.29,USA,1701.0,0.0,1701.0,21
10661,CUST_SK_0068,HUNGO,19970909,1997-09-09,1997-10-07,1997-09-15,6,True,17.55,Ireland,703.25,140.65,562.6,52
10662,CUST_SK_0089,LONEP,19970909,1997-09-09,1997-10-07,1997-09-18,9,True,1.28,USA,125.0,0.0,125.0,10
10663,CUST_SK_0017,BONAP,19970910,1997-09-10,1997-09-24,1997-10-03,23,True,113.15,France,2032.0,101.6,1930.4,80
10664,CUST_SK_0049,FURIB,19970910,1997-09-10,1997-10-08,1997-09-19,9,True,1.27,Portugal,1515.75,227.36,1288.39,51
10665,CUST_SK_0089,LONEP,19970911,1997-09-11,1997-10-09,1997-09-17,6,True,26.31,USA,1295.0,0.0,1295.0,31
10666,CUST_SK_0131,RICSU,19970912,1997-09-12,1997-10-10,1997-09-22,10,True,232.42,Switzerland,4666.94,0.0,4666.94,46
10667,CUST_SK_0035,ERNSH,19970912,1997-09-12,1997-10-10,1997-09-19,7,True,78.09,Austria,1921.0,384.2,1536.8,59
10668,CUST_SK_0165,WANDK,19970915,1997-09-15,1997-10-13,1997-09-23,8,True,47.22,Germany,694.75,69.48,625.27,27
10669,CUST_SK_0143,SIMOB,19970915,1997-09-15,1997-10-13,1997-09-22,7,True,24.39,Denmark,570.0,0.0,570.0,30
10670,CUST_SK_0045,FRANK,19970916,1997-09-16,1997-10-14,1997-09-18,2,True,203.48,Germany,2301.75,0.0,2301.75,192
10671,CUST_SK_0046,FRANR,19970917,1997-09-17,1997-10-15,1997-09-24,7,True,30.34,France,920.1,0.0,920.1,32
10672,CUST_SK_0009,BERGS,19970917,1997-09-17,1997-10-01,1997-09-26,9,True,95.75,Sweden,4210.5,395.25,3815.25,27
10673,CUST_SK_0174,WILMK,19970918,1997-09-18,1997-10-16,1997-09-19,1,True,22.76,Finland,412.35,0.0,412.35,15
10674,CUST_SK_0070,ISLAT,19970918,1997-09-18,1997-10-16,1997-09-30,12,True,0.9,UK,45.0,0.0,45.0,5
10675,CUST_SK_0045,FRANK,19970919,1997-09-19,1997-10-17,1997-09-23,4,True,31.85,Germany,1423.0,0.0,1423.0,70
10676,CUST_SK_0154,TORTU,19970922,1997-09-22,1997-10-20,1997-09-29,7,True,2.01,Mexico,534.85,0.0,534.85,30
10677,CUST_SK_0004,ANTON,19970922,1997-09-22,1997-10-20,1997-09-26,4,True,4.03,Mexico,956.9,143.54,813.36,38
10678,CUST_SK_0137,SAVEA,19970923,1997-09-23,1997-10-21,1997-10-16,23,True,388.98,USA,5256.5,0.0,5256.5,280
10679,CUST_SK_0013,BLONP,19970923,1997-09-23,1997-10-21,1997-09-30,7,True,27.94,France,660.0,0.0,660.0,12
10680,CUST_SK_0103,OLDWO,19970924,1997-09-24,1997-10-22,1997-09-26,2,True,26.61,USA,1682.5,420.62,1261.88,110
10681,CUST_SK_0057,GREAL,19970925,1997-09-25,1997-10-23,1997-09-30,5,True,76.13,USA,1327.0,39.6,1287.4,70
10682,CUST_SK_0004,ANTON,19970925,1997-09-25,1997-10-23,1997-10-01,6,True,36.13,Mexico,375.5,0.0,375.5,64
10683,CUST_SK_0030,DUMON,19970926,1997-09-26,1997-10-24,1997-10-01,5,True,4.4,France,63.0,0.0,63.0,9
10684,CUST_SK_0105,OTTIK,19970926,1997-09-26,1997-10-24,1997-09-30,4,True,145.63,Germany,1768.0,0.0,1768.0,90
10685,CUST_SK_0054,GOURL,19970929,1997-09-29,1997-10-13,1997-10-03,4,True,33.75,Brazil,801.1,0.0,801.1,39
10686,CUST_SK_0110,PICCO,19970930,1997-09-30,1997-10-28,1997-10-08,8,True,96.5,Austria,1638.45,234.0,1404.45,45
10687,CUST_SK_0068,HUNGO,19970930,1997-09-30,1997-10-28,1997-10-30,30,True,296.43,Ireland,6201.9,1241.0,4960.9,66
10688,CUST_SK_0160,VAFFE,19971001,1997-10-01,1997-10-15,1997-10-07,6,True,299.09,Denmark,3490.0,329.40000000000003,3160.6,92
10689,CUST_SK_0009,BERGS,19971001,1997-10-01,1997-10-29,1997-10-07,6,True,13.42,Sweden,630.0,157.5,472.5,35
10690,CUST_SK_0061,HANAR,19971002,1997-10-02,1997-10-30,1997-10-03,1,True,15.8,Brazil,1150.0,287.5,862.5,50
10691,CUST_SK_0120,QUICK,19971003,1997-10-03,1997-11-14,1997-10-22,19,True,810.05,Germany,10164.8,0.0,10164.8,182
10692,CUST_SK_0001,ALFKI,19971003,1997-10-03,1997-10-31,1997-10-13,10,True,61.02,Germany,878.0,0.0,878.0,20
10693,CUST_SK_0173,WHITC,19971006,1997-10-06,1997-10-20,1997-10-10,4,True,139.34,USA,2334.0,262.8,2071.2,111
10694,CUST_SK_0120,QUICK,19971006,1997-10-06,1997-11-03,1997-10-09,3,True,398.36,Germany,4825.0,0.0,4825.0,165
10695,CUST_SK_0174,WILMK,19971007,1997-10-07,1997-11-18,1997-10-14,7,True,16.72,Finland,642.0,0.0,642.0,34
10696,CUST_SK_0173,WHITC,19971008,1997-10-08,1997-11-19,1997-10-14,6,True,102.55,USA,996.0,0.0,996.0,38
10697,CUST_SK_0088,LINOD,19971008,1997-10-08,1997-11-05,1997-10-14,6,True,45.52,Venezuela,1073.9,268.48,805.42,76
10698,CUST_SK_0035,ERNSH,19971009,1997-10-09,1997-11-06,1997-10-17,8,True,272.47,Austria,3600.73,164.27999999999997,3436.45,108
10699,CUST_SK_0098,MORGK,19971009,1997-10-09,1997-11-06,1997-10-13,4,True,0.58,Germany,114.0,0.0,114.0,12
10700,CUST_SK_0137,SAVEA,19971010,1997-10-10,1997-11-07,1997-10-16,6,True,65.1,USA,2048.0,409.6,1638.4,117
10701,CUST_SK_0068,HUNGO,19971013,1997-10-13,1997-10-27,1997-10-15,2,True,220.31,Ireland,3370.0,505.5,2864.5,97
10702,CUST_SK_0001,ALFKI,19971013,1997-10-13,1997-11-24,1997-10-21,8,True,23.94,Germany,330.0,0.0,330.0,21
10703,CUST_SK_0042,FOLKO,19971014,1997-10-14,1997-11-11,1997-10-20,6,True,152.3,Sweden,2545.0,0.0,2545.0,75
10704,CUST_SK_0117,QUEEN,19971014,1997-10-14,1997-11-11,1997-11-07,24,True,4.78,Brazil,595.5,0.0,595.5,65
10705,CUST_SK_0064,HILAA,19971015,1997-10-15,1997-11-12,1997-11-18,34,True,3.52,Venezuela,378.0,0.0,378.0,24
10706,CUST_SK_0103,OLDWO,19971016,1997-10-16,1997-11-13,1997-10-21,5,True,135.63,USA,1893.0,0.0,1893.0,52
10707,CUST_SK_0006,AROUT,19971016,1997-10-16,1997-10-30,1997-10-23,7,True,21.74,UK,1704.0,63.0,1641.0,89
10708,CUST_SK_0150,THEBI,19971017,1997-10-17,1997-11-28,1997-11-05,19,True,2.96,USA,180.4,0.0,180.4,9
10709,CUST_SK_0054,GOURL,19971017,1997-10-17,1997-11-14,1997-11-20,34,True,210.8,Brazil,3424.0,0.0,3424.0,78
10710,CUST_SK_0047,FRANS,19971020,1997-10-20,1997-11-17,1997-10-23,3,True,4.98,Italy,93.5,0.0,93.5,10
10711,CUST_SK_0137,SAVEA,19971021,1997-10-21,1997-12-02,1997-10-29,8,True,52.41,USA,4451.7,0.0,4451.7,174
10712,CUST_SK_0068,HUNGO,19971021,1997-10-21,1997-11-18,1997-10-31,10,True,89.93,Ireland,1238.4,4.92,1233.48,33
10713,CUST_SK_0137,SAVEA,19971022,1997-10-22,1997-11-19,1997-10-24,2,True,167.05,USA,2827.9,0.0,2827.9,182
10714,CUST_SK_0137,SAVEA,19971022,1997-10-22,1997-11-19,1997-10-27,5,True,24.49,USA,2941.0,735.25,2205.75,137
10715,CUST_SK_0017,BONAP,19971023,1997-10-23,1997-11-06,1997-10-29,6,True,63.2,France,1296.0,0.0,1296.0,51
10716,CUST_SK_0121,RANCH,19971024,1997-10-24,1997-11-21,1997-10-27,3,True,22.57,Argentina,706.0,0.0,706.0,22
10717,CUST_SK_0045,FRANK,19971024,1997-10-24,1997-11-21,1997-10-29,5,True,59.25,Germany,1331.75,61.0,1270.75,72
10718,CUST_SK_0073,KOENE,19971027,1997-10-27,1997-11-24,1997-10-29,2,True,170.88,Germany,3463.0,0.0,3463.0,116
10719,CUST_SK_0082,LETSS,19971027,1997-10-27,1997-11-24,1997-11-05,9,True,51.44,USA,1125.67,281.42,844.25,55
10720,CUST_SK_0114,QUEDE,19971028,1997-10-28,1997-11-11,1997-11-05,8,True,9.53,Brazil,550.0,0.0,550.0,29
10721,CUST_SK_0120,QUICK,19971029,1997-10-29,1997-11-26,1997-10-31,2,True,48.92,Germany,972.5,48.62,923.88,50
10722,CUST_SK_0137,SAVEA,19971029,1997-10-29,1997-12-10,1997-11-04,6,True,74.58,USA,1570.0,0.0,1570.0,140
10723,CUST_SK_0173,WHITC,19971030,1997-10-30,1997-11-27,1997-11-25,26,True,21.72,USA,468.45,0.0,468.45,15
10724,CUST_SK_0096,MEREP,19971030,1997-10-30,1997-12-11,1997-11-05,6,True,57.75,Canada,638.5,0.0,638.5,21
10725,CUST_SK_0036,FAMIA,19971031,1997-10-31,1997-11-28,1997-11-05,5,True,10.83,Brazil,287.8,0.0,287.8,22
10726,CUST_SK_0032,EASTC,19971103,1997-11-03,1997-11-17,1997-12-05,32,True,16.56,UK,655.0,0.0,655.0,30
10727,CUST_SK_0126,REGGC,19971103,1997-11-03,1997-12-01,1997-12-05,32,True,89.9,Italy,1710.0,85.5,1624.5,40
10728,CUST_SK_0117,QUEEN,19971104,1997-11-04,1997-12-02,1997-11-11,7,True,58.33,Brazil,1296.75,0.0,1296.75,48
10729,CUST_SK_0088,LINOD,19971104,1997-11-04,1997-12-16,1997-11-14,10,True,141.06,Venezuela,1850.0,0.0,1850.0,120
10730,CUST_SK_0017,BONAP,19971105,1997-11-05,1997-12-03,1997-11-14,9,True,20.12,France,509.75,25.49,484.26,28
10731,CUST_SK_0026,CHOPS,19971106,1997-11-06,1997-12-04,1997-11-14,8,True,96.65,Switzerland,1990.0,99.5,1890.5,70
10732,CUST_SK_0017,BONAP,19971106,1997-11-06,1997-12-04,1997-11-07,1,True,16.97,France,360.0,0.0,360.0,20
10733,CUST_SK_0009,BERGS,19971107,1997-11-07,1997-12-05,1997-11-10,3,True,110.11,Sweden,1459.0,0.0,1459.0,61
10734,CUST_SK_0054,GOURL,19971107,1997-11-07,1997-12-05,1997-11-12,5,True,1.63,Brazil,1498.35,0.0,1498.35,65
10735,CUST_SK_0082,LETSS,19971110,1997-11-10,1997-12-08,1997-11-21,11,True,45.97,USA,596.0,59.6,536.4,22
10736,CUST_SK_0068,HUNGO,19971111,1997-11-11,1997-12-09,1997-11-21,10,True,44.1,Ireland,997.0,0.0,997.0,60
10737,CUST_SK_0163,VINET,19971111,1997-11-11,1997-12-09,1997-11-18,7,True,7.79,France,139.8,0.0,139.8,16
10738,CUST_SK_0144,SPECD,19971112,1997-11-12,1997-12-10,1997-11-18,6,True,2.91,France,52.35,0.0,52.35,3
10739,CUST_SK_0163,VINET,19971112,1997-11-12,1997-12-10,1997-11-17,5,True,11.08,France,240.0,0.0,240.0,24
10740,CUST_SK_0173,WHITC,19971113,1997-11-13,1997-12-11,1997-11-25,12,True,81.88,USA,1770.0,354.0,1416.0,94
10741,CUST_SK_0006,AROUT,19971114,1997-11-14,1997-11-28,1997-11-18,4,True,10.96,UK,285.0,57.0,228.0,15
10742,CUST_SK_0020,BOTTM,19971114,1997-11-14,1997-12-12,1997-11-18,4,True,243.73,Canada,3118.0,0.0,3118.0,105
10743,CUST_SK_0006,AROUT,19971117,1997-11-17,1997-12-15,1997-11-21,4,True,23.72,UK,336.0,16.8,319.2,28
10744,CUST_SK_0160,VAFFE,19971117,1997-11-17,1997-12-15,1997-11-24,7,True,69.19,Denmark,920.0,184.0,736.0,50
10745,CUST_SK_0120,QUICK,19971118,1997-11-18,1997-12-16,1997-11-27,9,True,3.52,Germany,4529.8,0.0,4529.8,92
10746,CUST_SK_0026,CHOPS,19971119,1997-11-19,1997-12-17,1997-11-21,2,True,31.43,Switzerland,2311.7,0.0,2311.7,83
10747,CUST_SK_0110,PICCO,19971119,1997-11-19,1997-12-17,1997-11-26,7,True,117.33,Austria,1912.85,0.0,1912.85,82
10748,CUST_SK_0137,SAVEA,19971120,1997-11-20,1997-12-18,1997-11-28,8,True,232.55,USA,2196.0,0.0,2196.0,112
10749,CUST_SK_0070,ISLAT,19971120,1997-11-20,1997-12-18,1997-12-19,29,True,61.53,UK,1080.0,0.0,1080.0,31
10750,CUST_SK_0168,WARTH,19971121,1997-11-21,1997-12-19,1997-11-24,3,True,79.3,Finland,1871.25,280.69,1590.56,70
10751,CUST_SK_0131,RICSU,19971124,1997-11-24,1997-12-22,1997-12-03,9,True,130.79,Switzerland,1701.46,69.97999999999999,1631.48,77
10752,CUST_SK_0099,NORTS,19971124,1997-11-24,1997-12-22,1997-11-28,4,True,1.39,UK,252.0,0.0,252.0,11
10753,CUST_SK_0047,FRANS,19971125,1997-11-25,1997-12-23,1997-11-27,2,True,7.7,Italy,88.0,0.0,88.0,9
10754,CUST_SK_0091,MAGAA,19971125,1997-11-25,1997-12-23,1997-11-27,2,True,2.38,Italy,55.2,0.0,55.2,3
10755,CUST_SK_0017,BONAP,19971126,1997-11-26,1997-12-24,1997-11-28,2,True,16.71,France,2598.0,649.5,1948.5,99
10756,CUST_SK_0146,SPLIR,19971127,1997-11-27,1997-12-25,1997-12-02,5,True,73.21,USA,2487.5,497.5,1990.0,67
10757,CUST_SK_0137,SAVEA,19971127,1997-11-27,1997-12-25,1997-12-15,18,True,8.19,USA,3082.0,0.0,3082.0,91
10758,CUST_SK_0131,RICSU,19971128,1997-11-28,1997-12-26,1997-12-04,6,True,138.17,Switzerland,1644.6,0.0,1644.6,120
10759,CUST_SK_0002,ANATR,19971128,1997-11-28,1997-12-26,1997-12-12,14,True,11.99,Mexico,320.0,0.0,320.0,10
10760,CUST_SK_0093,MAISD,19971201,1997-12-01,1997-12-29,1997-12-10,9,True,155.64,Belgium,3304.0,387.0,2917.0,82
10761,CUST_SK_0124,RATTC,19971202,1997-12-02,1997-12-30,1997-12-08,6,True,18.66,USA,629.5,122.5,507.0,53
10762,CUST_SK_0042,FOLKO,19971202,1997-12-02,1997-12-30,1997-12-09,7,True,328.74,Sweden,4337.0,0.0,4337.0,134
10763,CUST_SK_0039,FOLIG,19971203,1997-12-03,1997-12-31,1997-12-08,5,True,37.35,France,616.0,0.0,616.0,66
10764,CUST_SK_0035,ERNSH,19971203,1997-12-03,1997-12-31,1997-12-08,5,True,145.45,Austria,2540.0,254.0,2286.0,150
10765,CUST_SK_0120,QUICK,19971204,1997-12-04,1998-01-01,1997-12-09,5,True,42.74,Germany,1684.0,168.4,1515.6,80
10766,CUST_SK_0105,OTTIK,19971205,1997-12-05,1998-01-02,1997-12-09,4,True,157.55,Germany,2310.0,0.0,2310.0,115
10767,CUST_SK_0149,SUPRD,19971205,1997-12-05,1998-01-02,1997-12-15,10,True,1.59,Belgium,28.0,0.0,28.0,2
10768,CUST_SK_0006,AROUT,19971208,1997-12-08,1998-01-05,1997-12-15,7,True,146.32,UK,1477.0,0.0,1477.0,81
10769,CUST_SK_0160,VAFFE,19971208,1997-12-08,1998-01-05,1997-12-12,4,True,65.06,Denmark,1704.0,19.73,1684.27,80
10770,CUST_SK_0061,HANAR,19971209,1997-12-09,1998-01-06,1997-12-17,8,True,5.32,Brazil,315.0,78.75,236.25,15
10771,CUST_SK_0035,ERNSH,19971210,1997-12-10,1998-01-07,1998-01-02,23,True,11.19,Austria,344.0,0.0,344.0,16
10772,CUST_SK_0081,LEHMS,19971210,1997-12-10,1998-01-07,1997-12-19,9,True,91.28,Germany,3603.22,0.0,3603.22,43
10773,CUST_SK_0035,ERNSH,19971211,1997-12-11,1998-01-08,1997-12-16,5,True,96.43,Austria,2216.25,185.85,2030.4,110
10774,CUST_SK_0042,FOLKO,19971211,1997-12-11,1997-12-25,1997-12-12,1,True,48.2,Sweden,875.0,6.25,868.75,52
10775,CUST_SK_0151,THECR,19971212,1997-12-12,1998-01-09,1997-12-26,14,True,20.25,USA,228.0,0.0,228.0,9
10776,CUST_SK_0035,ERNSH,19971215,1997-12-15,1998-01-12,1997-12-18,3,True,351.53,Austria,6984.5,349.22,6635.28,175
10777,CUST_SK_0054,GOURL,19971215,1997-12-15,1997-12-29,1998-01-21,37,True,3.01,Brazil,280.0,56.0,224.0,20
10778,CUST_SK_0009,BERGS,19971216,1997-12-16,1998-01-13,1997-12-24,8,True,6.79,Sweden,96.5,0.0,96.5,10
10779,CUST_SK_0098,MORGK,19971216,1997-12-16,1998-01-13,1998-01-14,29,True,58.13,Germany,1335.0,0.0,1335.0,40
10780,CUST_SK_0085,LILAS,19971216,1997-12-16,1997-12-30,1997-12-25,9,True,42.13,Venezuela,720.0,0.0,720.0,50
10781,CUST_SK_0168,WARTH,19971217,1997-12-17,1998-01-14,1997-12-19,2,True,73.16,Finland,1132.35,156.47,975.88,58
10782,CUST_SK_0023,CACTU,19971217,1997-12-17,1998-01-14,1997-12-22,5,True,1.1,Argentina,12.5,0.0,12.5,1
10783,CUST_SK_0061,HANAR,19971218,1997-12-18,1998-01-15,1997-12-19,1,True,124.98,Brazil,1442.5,0.0,1442.5,15
10784,CUST_SK_0091,MAGAA,19971218,1997-12-18,1998-01-15,1997-12-22,4,True,70.09,Italy,1650.0,162.0,1488.0,62
10785,CUST_SK_0058,GROSR,19971218,1997-12-18,1998-01-15,1997-12-24,6,True,1.51,Venezuela,387.5,0.0,387.5,20
10786,CUST_SK_0117,QUEEN,19971219,1997-12-19,1998-01-16,1997-12-23,4,True,110.87,Brazil,1913.85,382.77,1531.08,87
10787,CUST_SK_0076,LAMAI,19971219,1997-12-19,1998-01-02,1997-12-26,7,True,249.93,France,2760.8,138.04000000000002,2622.76,35
10788,CUST_SK_0120,QUICK,19971222,1997-12-22,1998-01-19,1998-01-19,28,True,42.7,Germany,770.0,38.5,731.5,90
10789,CUST_SK_0039,FOLIG,19971222,1997-12-22,1998-01-19,1997-12-31,9,True,100.6,France,3687.0,0.0,3687.0,93
10790,CUST_SK_0054,GOURL,19971222,1997-12-22,1998-01-19,1997-12-26,4,True,28.23,Brazil,850.0,127.5,722.5,23
10791,CUST_SK_0045,FRANK,19971223,1997-12-23,1998-01-20,1998-01-01,9,True,16.85,Germany,1926.06,96.30000000000001,1829.76,34
10792,CUST_SK_0175,WOLZA,19971223,1997-12-23,1998-01-20,1997-12-31,8,True,23.79,Poland,399.85,0.0,399.85,28
10793,CUST_SK_0006,AROUT,19971224,1997-12-24,1998-01-21,1998-01-08,15,True,4.52,UK,191.1,0.0,191.1,22
10794,CUST_SK_0114,QUEDE,19971224,1997-12-24,1998-01-21,1998-01-02,9,True,21.49,Brazil,393.45,78.69,314.76,21
10795,CUST_SK_0035,ERNSH,19971224,1997-12-24,1998-01-21,1998-01-20,27,True,126.66,Austria,2499.25,341.25,2158.0,100
10796,CUST_SK_0064,HILAA,19971225,1997-12-25,1998-01-22,1998-01-14,20,True,26.52,Venezuela,2878.08,536.72,2341.36,90
10797,CUST_SK_0029,DRACD,19971225,1997-12-25,1998-01-22,1998-01-05,11,True,33.35,Germany,420.0,0.0,420.0,20
10798,CUST_SK_0070,ISLAT,19971226,1997-12-26,1998-01-23,1998-01-05,10,True,2.33,UK,446.6,0.0,446.6,12
10799,CUST_SK_0073,KOENE,19971226,1997-12-26,1998-02-06,1998-01-05,10,True,30.76,Germany,1585.0,31.5,1553.5,65
10800,CUST_SK_0140,SEVES,19971226,1997-12-26,1998-01-23,1998-01-05,10,True,137.44,UK,1632.15,163.22,1468.93,67
10801,CUST_SK_0014,BOLID,19971229,1997-12-29,1998-01-26,1997-12-31,2,True,97.09,Spain,4035.8,1008.95,3026.85,60
10802,CUST_SK_0143,SIMOB,19971229,1997-12-29,1998-01-26,1998-01-02,4,True,257.26,Denmark,3923.75,980.93,2942.82,120
10803,CUST_SK_0170,WELLI,19971230,1997-12-30,1998-01-27,1998-01-06,7,True,55.23,Brazil,1255.8,62.79,1193.01,54
10804,CUST_SK_0140,SEVES,19971230,1997-12-30,1998-01-27,1998-01-07,8,True,27.33,UK,2290.4,12.0,2278.4,64
10805,CUST_SK_0150,THEBI,19971230,1997-12-30,1998-01-27,1998-01-09,10,True,237.34,USA,2775.0,0.0,2775.0,20
10806,CUST_SK_0162,VICTE,19971231,1997-12-31,1998-01-28,1998-01-05,5,True,22.11,France,572.1,132.5,439.6,37
10807,CUST_SK_0047,FRANS,19971231,1997-12-31,1998-01-28,1998-01-30,30,True,1.36,Italy,18.4,0.0,18.4,1
10808,CUST_SK_0103,OLDWO,19980101,1998-01-01,1998-01-29,1998-01-09,8,True,45.53,USA,1660.0,249.0,1411.0,70
10809,CUST_SK_0170,WELLI,19980101,1998-01-01,1998-01-29,1998-01-07,6,True,4.87,Brazil,140.0,0.0,140.0,20
10810,CUST_SK_0077,LAUGB,19980101,1998-01-01,1998-01-29,1998-01-07,6,True,4.33,Canada,187.0,0.0,187.0,17
10811,CUST_SK_0088,LINOD,19980102,1998-01-02,1998-01-30,1998-01-08,6,True,31.22,Venezuela,852.0,0.0,852.0,63
10812,CUST_SK_0126,REGGC,19980102,1998-01-02,1998-01-30,1998-01-12,10,True,59.78,Italy,1852.0,159.2,1692.8,76
10813,CUST_SK_0128,RICAR,19980105,1998-01-05,1998-02-02,1998-01-09,4,True,47.38,Brazil,648.0,45.6,602.4,47
10814,CUST_SK_0162,VICTE,19980105,1998-01-05,1998-02-02,1998-01-14,9,True,130.94,France,2070.0,281.55,1788.45,78
10815,CUST_SK_0137,SAVEA,19980105,1998-01-05,1998-02-02,1998-01-14,9,True,14.62,USA,40.0,0.0,40.0,16
10816,CUST_SK_0057,GREAL,19980106,1998-01-06,1998-02-03,1998-02-04,29,True,719.78,USA,8891.0,444.55,8446.45,50
10817,CUST_SK_0073,KOENE,19980106,1998-01-06,1998-01-20,1998-01-13,7,True,306.07,Germany,11490.7,537.86,10952.84,155
10818,CUST_SK_0091,MAGAA,19980107,1998-01-07,1998-02-04,1998-01-12,5,True,65.48,Italy,833.0,0.0,833.0,40
10819,CUST_SK_0023,CACTU,19980107,1998-01-07,1998-02-04,1998-01-16,9,True,19.76,Argentina,477.0,0.0,477.0,27
10820,CUST_SK_0124,RATTC,19980107,1998-01-07,1998-02-04,1998-01-13,6,True,37.52,USA,1140.0,0.0,1140.0,30
10821,CUST_SK_0146,SPLIR,19980108,1998-01-08,1998-02-05,1998-01-15,7,True,36.68,USA,678.0,0.0,678.0,26
10822,CUST_SK_0157,TRAIH,19980108,1998-01-08,1998-02-05,1998-01-16,8,True,7.0,USA,237.9,0.0,237.9,9
10823,CUST_SK_0085,LILAS,19980109,1998-01-09,1998-02-06,1998-01-13,4,True,163.97,Venezuela,3107.5,281.5,2826.0,90
10824,CUST_SK_0042,FOLKO,19980109,1998-01-09,1998-02-06,1998-01-30,21,True,1.23,Sweden,250.8,0.0,250.8,21
10825,CUST_SK_0029,DRACD,19980109,1998-01-09,1998-02-06,1998-01-14,5,True,79.25,Germany,1030.76,0.0,1030.76,32
10826,CUST_SK_0013,BLONP,19980112,1998-01-12,1998-02-09,1998-02-06,25,True,7.09,France,730.0,0.0,730.0,50
10827,CUST_SK_0017,BONAP,19980112,1998-01-12,1998-01-26,1998-02-06,25,True,63.54,France,843.0,0.0,843.0,36
10828,CUST_SK_0121,RANCH,19980113,1998-01-13,1998-01-27,1998-02-04,22,True,90.85,Argentina,932.0,0.0,932.0,7
10829,CUST_SK_0070,ISLAT,19980113,1998-01-13,1998-02-10,1998-01-23,10,True,154.72,UK,1764.0,0.0,1764.0,61
10830,CUST_SK_0156,TRADH,19980113,1998-01-13,1998-02-24,1998-01-21,8,True,81.83,Brazil,1974.0,0.0,1974.0,88
10831,CUST_SK_0134,SANTG,19980114,1998-01-14,1998-02-11,1998-01-23,9,True,72.19,Norway,2684.4,0.0,2684.4,27
10832,CUST_SK_0076,LAMAI,19980114,1998-01-14,1998-02-11,1998-01-19,5,True,43.26,France,568.95,93.84,475.11,32
10833,CUST_SK_0105,OTTIK,19980115,1998-01-15,1998-02-12,1998-01-23,8,True,71.49,Germany,1007.7,100.77,906.93,38
10834,CUST_SK_0156,TRADH,19980115,1998-01-15,1998-02-12,1998-01-19,4,True,29.78,Brazil,1508.12,75.41,1432.71,28
10835,CUST_SK_0001,ALFKI,19980115,1998-01-15,1998-02-12,1998-01-21,6,True,69.53,Germany,851.0,5.2,845.8,17
10836,CUST_SK_0035,ERNSH,19980116,1998-01-16,1998-02-13,1998-01-21,5,True,411.88,Austria,4705.5,0.0,4705.5,172
10837,CUST_SK_0009,BERGS,19980116,1998-01-16,1998-02-13,1998-01-23,7,True,13.32,Sweden,1254.0,189.5,1064.5,92
10838,CUST_SK_0088,LINOD,19980119,1998-01-19,1998-02-16,1998-01-23,4,True,59.28,Venezuela,2584.5,646.12,1938.38,79
10839,CUST_SK_0156,TRADH,19980119,1998-01-19,1998-02-16,1998-01-22,3,True,35.43,Brazil,919.5,91.95,827.55,45
10840,CUST_SK_0088,LINOD,19980119,1998-01-19,1998-03-02,1998-02-16,28,True,2.71,Venezuela,264.0,52.8,211.2,16
10841,CUST_SK_0149,SUPRD,19980120,1998-01-20,1998-02-17,1998-01-29,9,True,424.3,Belgium,4581.0,0.0,4581.0,111
10842,CUST_SK_0154,TORTU,19980120,1998-01-20,1998-02-17,1998-01-29,9,True,54.42,Mexico,975.0,0.0,975.0,52
10843,CUST_SK_0162,VICTE,19980121,1998-01-21,1998-02-18,1998-01-26,5,True,9.26,France,212.0,53.0,159.0,4
10844,CUST_SK_0110,PICCO,19980121,1998-01-21,1998-02-18,1998-01-26,5,True,25.22,Austria,735.0,0.0,735.0,35
10845,CUST_SK_0120,QUICK,19980121,1998-01-21,1998-02-04,1998-01-30,9,True,212.98,Germany,4059.0,246.3,3812.7,245
10846,CUST_SK_0149,SUPRD,19980122,1998-01-22,1998-03-05,1998-01-23,1,True,56.46,Belgium,1112.0,0.0,1112.0,71
10847,CUST_SK_0137,SAVEA,19980122,1998-01-22,1998-02-05,1998-02-10,19,True,487.57,USA,6164.9,1232.98,4931.92,288
10848,CUST_SK_0028,CONSH,19980123,1998-01-23,1998-02-20,1998-01-29,6,True,38.24,UK,931.5,0.0,931.5,33
10849,CUST_SK_0073,KOENE,19980123,1998-01-23,1998-02-20,1998-01-30,7,True,0.56,Germany,1052.14,84.32,967.82,67
10850,CUST_SK_0162,VICTE,19980123,1998-01-23,1998-03-06,1998-01-30,7,True,49.19,France,740.0,111.0,629.0,54
10851,CUST_SK_0128,RICAR,19980126,1998-01-26,1998-02-23,1998-02-02,7,True,160.55,Brazil,2740.0,137.0,2603.0,67
10852,CUST_SK_0124,RATTC,19980126,1998-01-26,1998-02-09,1998-01-30,4,True,174.05,USA,2984.0,0.0,2984.0,71
10853,CUST_SK_0010,BLAUS,19980127,1998-01-27,1998-02-24,1998-02-03,7,True,53.83,Germany,625.0,0.0,625.0,10
10854,CUST_SK_0035,ERNSH,19980127,1998-01-27,1998-02-24,1998-02-05,9,True,100.22,Austria,3490.0,523.5,2966.5,165
10855,CUST_SK_0103,OLDWO,19980127,1998-01-27,1998-02-24,1998-02-04,8,True,170.97,USA,2275.25,47.36,2227.89,103
10856,CUST_SK_0004,ANTON,19980128,1998-01-28,1998-02-25,1998-02-10,13,True,58.43,Mexico,660.0,0.0,660.0,40
10857,CUST_SK_0009,BERGS,19980128,1998-01-28,1998-02-25,1998-02-06,9,True,188.85,Sweden,2630.95,582.74,2048.21,75
10858,CUST_SK_0074,LACOR,19980129,1998-01-29,1998-02-26,1998-02-03,5,True,52.51,France,649.0,0.0,649.0,19
10859,CUST_SK_0045,FRANK,19980129,1998-01-29,1998-02-26,1998-02-02,4,True,76.1,Germany,1438.25,359.57,1078.68,105
10860,CUST_SK_0046,FRANR,19980129,1998-01-29,1998-02-26,1998-02-04,6,True,19.26,France,519.0,0.0,519.0,23
10861,CUST_SK_0173,WHITC,19980130,1998-01-30,1998-02-27,1998-02-17,18,True,14.93,USA,3523.4,0.0,3523.4,140
10862,CUST_SK_0081,LEHMS,19980130,1998-01-30,1998-03-13,1998-02-02,3,True,53.23,Germany,581.0,0.0,581.0,33
10863,CUST_SK_0064,HILAA,19980202,1998-02-02,1998-03-02,1998-02-17,15,True,30.26,Venezuela,519.0,77.85,441.15,32
10864,CUST_SK_0006,AROUT,19980202,1998-02-02,1998-03-02,1998-02-09,7,True,3.04,UK,282.0,0.0,282.0,19
10865,CUST_SK_0120,QUICK,19980202,1998-02-02,1998-02-16,1998-02-12,10,True,348.14,Germany,17250.0,862.5,16387.5,140
10866,CUST_SK_0009,BERGS,19980203,1998-02-03,1998-03-03,1998-02-12,9,True,109.11,Sweden,1461.6,365.4,1096.2,67
10867,CUST_SK_0089,LONEP,19980203,1998-02-03,1998-03-17,1998-02-11,8,True,1.93,USA,98.4,0.0,98.4,3
10868,CUST_SK_0117,QUEEN,19980204,1998-02-04,1998-03-04,1998-02-23,19,True,191.27,Brazil,2004.6,84.0,1920.6,92
10869,CUST_SK_0140,SEVES,19980204,1998-02-04,1998-03-04,1998-02-09,5,True,143.28,UK,1630.0,0.0,1630.0,120
10870,CUST_SK_0175,WOLZA,19980204,1998-02-04,1998-03-04,1998-02-13,9,True,12.04,Poland,160.0,0.0,160.0,5
10871,CUST_SK_0017,BONAP,19980205,1998-02-05,1998-03-05,1998-02-10,5,True,112.27,France,2083.4,104.17,1979.23,78
10872,CUST_SK_0052,GODOS,19980205,1998-02-05,1998-03-05,1998-02-09,4,True,175.32,Spain,2166.8,108.34,2058.46,66
10873,CUST_SK_0174,WILMK,19980206,1998-02-06,1998-03-06,1998-02-09,3,True,0.82,Finland,336.8,0.0,336.8,23
10874,CUST_SK_0052,GODOS,19980206,1998-02-06,1998-03-06,1998-02-11,5,True,19.58,Spain,310.0,0.0,310.0,10
10875,CUST_SK_0009,BERGS,19980206,1998-02-06,1998-03-06,1998-03-03,25,True,32.37,Sweden,729.5,19.95,709.55,61
10876,CUST_SK_0017,BONAP,19980209,1998-02-09,1998-03-09,1998-02-12,3,True,60.42,France,917.0,0.0,917.0,41
10877,CUST_SK_0128,RICAR,19980209,1998-02-09,1998-03-09,1998-02-19,10,True,38.06,Brazil,2086.0,130.88,1955.12,55
10878,CUST_SK_0120,QUICK,19980210,1998-02-10,1998-03-10,1998-02-12,2,True,46.69,Germany,1620.0,81.0,1539.0,20
10879,CUST_SK_0174,WILMK,19980210,1998-02-10,1998-03-10,1998-02-12,2,True,8.5,Finland,611.3,0.0,611.3,32
10880,CUST_SK_0042,FOLKO,19980210,1998-02-10,1998-03-24,1998-02-18,8,True,88.01,Sweden,1875.0,375.0,1500.0,110
10881,CUST_SK_0023,CACTU,19980211,1998-02-11,1998-03-11,1998-02-18,7,True,2.84,Argentina,150.0,0.0,150.0,10
10882,CUST_SK_0137,SAVEA,19980211,1998-02-11,1998-03-11,1998-02-20,9,True,23.1,USA,988.4,95.75999999999999,892.64,77
10883,CUST_SK_0089,LONEP,19980212,1998-02-12,1998-03-12,1998-02-20,8,True,0.53,USA,36.0,0.0,36.0,8
10884,CUST_SK_0082,LETSS,19980212,1998-02-12,1998-03-12,1998-02-13,1,True,90.97,USA,1450.6,72.53,1378.07,73
10885,CUST_SK_0149,SUPRD,19980212,1998-02-12,1998-03-12,1998-02-18,6,True,5.64,Belgium,1209.0,0.0,1209.0,87
10886,CUST_SK_0061,HANAR,19980213,1998-02-13,1998-03-13,1998-03-02,17,True,4.99,Brazil,3127.5,0.0,3127.5,145
10887,CUST_SK_0050,GALED,19980213,1998-02-13,1998-03-13,1998-02-16,3,True,1.25,Spain,70.0,0.0,70.0,5
10888,CUST_SK_0052,GODOS,19980216,1998-02-16,1998-03-16,1998-02-23,7,True,51.87,Spain,605.0,0.0,605.0,38
10889,CUST_SK_0124,RATTC,19980216,1998-02-16,1998-03-16,1998-02-23,7,True,280.61,USA,11380.0,0.0,11380.0,80
10890,CUST_SK_0030,DUMON,19980216,1998-02-16,1998-03-16,1998-02-18,2,True,32.76,France,860.1,0.0,860.1,39
10891,CUST_SK_0081,LEHMS,19980217,1998-02-17,1998-03-17,1998-02-19,2,True,20.37,Germany,388.35,19.42,368.93,15
10892,CUST_SK_0093,MAISD,19980217,1998-02-17,1998-03-17,1998-02-19,2,True,120.27,Belgium,2200.0,110.0,2090.0,40
10893,CUST_SK_0073,KOENE,19980218,1998-02-18,1998-03-18,1998-02-20,2,True,77.78,Germany,5502.11,0.0,5502.11,119
10894,CUST_SK_0137,SAVEA,19980218,1998-02-18,1998-03-18,1998-02-20,2,True,116.13,USA,2898.0,144.9,2753.1,198
10895,CUST_SK_0035,ERNSH,19980218,1998-02-18,1998-03-18,1998-02-23,5,True,162.75,Austria,6379.4,0.0,6379.4,346
10896,CUST_SK_0093,MAISD,19980219,1998-02-19,1998-03-19,1998-02-27,8,True,32.45,Belgium,750.5,0.0,750.5,31
10897,CUST_SK_0068,HUNGO,19980219,1998-02-19,1998-03-19,1998-02-25,6,True,603.54,Ireland,10835.24,0.0,10835.24,116
10898,CUST_SK_0100,OCEAN,19980220,1998-02-20,1998-03-20,1998-03-06,14,True,1.27,Argentina,30.0,0.0,30.0,5
10899,CUST_SK_0085,LILAS,19980220,1998-02-20,1998-03-20,1998-02-26,6,True,1.21,Venezuela,144.0,21.6,122.4,8
10900,CUST_SK_0170,WELLI,19980220,1998-02-20,1998-03-20,1998-03-04,12,True,1.66,Brazil,45.0,11.25,33.75,3
10901,CUST_SK_0064,HILAA,19980223,1998-02-23,1998-03-23,1998-02-26,3,True,62.09,Venezuela,934.5,0.0,934.5,60
10902,CUST_SK_0042,FOLKO,19980223,1998-02-23,1998-03-23,1998-03-03,8,True,44.15,Sweden,1015.8,152.37,863.43,36
10903,CUST_SK_0061,HANAR,19980224,1998-02-24,1998-03-24,1998-03-04,8,True,36.71,Brazil,932.05,0.0,932.05,81
10904,CUST_SK_0173,WHITC,19980224,1998-02-24,1998-03-24,1998-02-27,3,True,162.95,USA,1924.25,0.0,1924.25,50
10905,CUST_SK_0170,WELLI,19980224,1998-02-24,1998-03-24,1998-03-06,10,True,13.72,Brazil,360.0,18.0,342.0,20
10906,CUST_SK_0175,WOLZA,19980225,1998-02-25,1998-03-11,1998-03-03,6,True,26.29,Poland,427.5,0.0,427.5,15
10907,CUST_SK_0144,SPECD,19980225,1998-02-25,1998-03-25,1998-02-27,2,True,9.19,France,108.5,0.0,108.5,14
10908,CUST_SK_0126,REGGC,19980226,1998-02-26,1998-03-26,1998-03-06,8,True,32.96,Italy,698.0,34.9,663.1,34
10909,CUST_SK_0134,SANTG,19980226,1998-02-26,1998-03-26,1998-03-10,12,True,53.05,Norway,670.0,0.0,670.0,32
10910,CUST_SK_0174,WILMK,19980226,1998-02-26,1998-03-26,1998-03-04,6,True,38.11,Finland,452.9,0.0,452.9,27
10911,CUST_SK_0052,GODOS,19980226,1998-02-26,1998-03-26,1998-03-05,7,True,38.19,Spain,858.0,0.0,858.0,37
10912,CUST_SK_0068,HUNGO,19980226,1998-02-26,1998-03-26,1998-03-18,20,True,580.91,Ireland,8267.4,2066.85,6200.55,100
10913,CUST_SK_0117,QUEEN,19980226,1998-02-26,1998-03-26,1998-03-04,6,True,33.05,Brazil,958.75,190.0,768.75,85
10914,CUST_SK_0117,QUEEN,19980227,1998-02-27,1998-03-27,1998-03-02,3,True,21.19,Brazil,537.5,0.0,537.5,25
10915,CUST_SK_0154,TORTU,19980227,1998-02-27,1998-03-27,1998-03-02,3,True,3.51,Mexico,539.5,0.0,539.5,50
10916,CUST_SK_0121,RANCH,19980227,1998-02-27,1998-03-27,1998-03-09,10,True,63.77,Argentina,686.7,0.0,686.7,32
10917,CUST_SK_0132,ROMEY,19980302,1998-03-02,1998-03-30,1998-03-11,9,True,8.29,Spain,365.89,0.0,365.89,11
10918,CUST_SK_0020,BOTTM,19980302,1998-03-02,1998-03-30,1998-03-11,9,True,48.83,Canada,1930.0,482.5,1447.5,85
10919,CUST_SK_0088,LINOD,19980302,1998-03-02,1998-03-30,1998-03-04,2,True,19.8,Venezuela,1122.8,0.0,1122.8,68
10920,CUST_SK_0006,AROUT,19980303,1998-03-03,1998-03-31,1998-03-09,6,True,29.61,UK,390.0,0.0,390.0,24
10921,CUST_SK_0160,VAFFE,19980303,1998-03-03,1998-04-14,1998-03-09,6,True,176.48,Denmark,1936.0,0.0,1936.0,50
10922,CUST_SK_0061,HANAR,19980303,1998-03-03,1998-03-31,1998-03-05,2,True,62.74,Brazil,742.5,0.0,742.5,50
10923,CUST_SK_0076,LAMAI,19980303,1998-03-03,1998-04-14,1998-03-13,10,True,68.26,France,936.0,187.2,748.8,44
10924,CUST_SK_0009,BERGS,19980304,1998-03-04,1998-04-01,1998-04-08,35,True,151.52,Sweden,2034.5,198.8,1835.7,56
10925,CUST_SK_0061,HANAR,19980304,1998-03-04,1998-04-01,1998-03-13,9,True,2.27,Brazil,559.0,83.85,475.15,37
10926,CUST_SK_0002,ANATR,19980304,1998-03-04,1998-04-01,1998-03-11,7,True,39.92,Mexico,514.4,0.0,514.4,29
10927,CUST_SK_0074,LACOR,19980305,1998-03-05,1998-04-02,1998-04-08,34,True,19.79,France,800.0,0.0,800.0,30
10928,CUST_SK_0050,GALED,19980305,1998-03-05,1998-04-02,1998-03-18,13,True,1.36,Spain,137.5,0.0,137.5,10
10929,CUST_SK_0045,FRANK,19980305,1998-03-05,1998-04-02,1998-03-12,7,True,33.93,Germany,1174.75,0.0,1174.75,124
10930,CUST_SK_0149,SUPRD,19980306,1998-03-06,1998-04-17,1998-03-18,12,True,15.55,Belgium,2455.0,199.5,2255.5,116
10931,CUST_SK_0131,RICSU,19980306,1998-03-06,1998-03-20,1998-03-19,13,True,13.6,Switzerland,837.0,37.8,799.2,72
10932,CUST_SK_0017,BONAP,19980306,1998-03-06,1998-04-03,1998-03-24,18,True,134.64,France,1925.5,136.87,1788.63,80
10933,CUST_SK_0070,ISLAT,19980306,1998-03-06,1998-04-03,1998-03-16,10,True,54.15,UK,920.6,0.0,920.6,32
10934,CUST_SK_0081,LEHMS,19980309,1998-03-09,1998-04-06,1998-03-12,3,True,32.01,Germany,500.0,0.0,500.0,20
10935,CUST_SK_0170,WELLI,19980309,1998-03-09,1998-04-06,1998-03-18,9,True,47.59,Brazil,700.0,80.5,619.5,33
10936,CUST_SK_0057,GREAL,19980309,1998-03-09,1998-04-06,1998-03-18,9,True,33.68,USA,570.0,114.0,456.0,30
10937,CUST_SK_0023,CACTU,19980310,1998-03-10,1998-03-24,1998-03-13,3,True,31.51,Argentina,644.8,0.0,644.8,28
10938,CUST_SK_0120,QUICK,19980310,1998-03-10,1998-04-07,1998-03-16,6,True,31.89,Germany,3642.5,910.62,2731.88,128
10939,CUST_SK_0091,MAGAA,19980310,1998-03-10,1998-04-07,1998-03-13,3,True,76.33,Italy,750.0,112.5,637.5,50
10940,CUST_SK_0017,BONAP,19980311,1998-03-11,1998-04-08,1998-03-23,12,True,19.77,France,360.0,0.0,360.0,28
10941,CUST_SK_0137,SAVEA,19980311,1998-03-11,1998-04-08,1998-03-20,9,True,400.81,USA,4769.0,757.25,4011.75,204
10942,CUST_SK_0126,REGGC,19980311,1998-03-11,1998-04-08,1998-03-18,7,True,17.95,Italy,560.0,0.0,560.0,28
10943,CUST_SK_0022,BSBEV,19980311,1998-03-11,1998-04-08,1998-03-19,8,True,2.17,UK,711.0,0.0,711.0,51
10944,CUST_SK_0020,BOTTM,19980312,1998-03-12,1998-03-26,1998-03-13,1,True,52.92,Canada,1139.1,113.77,1025.33,41
10945,CUST_SK_0098,MORGK,19980312,1998-03-12,1998-04-09,1998-03-18,6,True,10.22,Germany,245.0,0.0,245.0,30
10946,CUST_SK_0160,VAFFE,19980312,1998-03-12,1998-04-09,1998-03-19,7,True,27.2,Denmark,1407.5,0.0,1407.5,90
10947,CUST_SK_0022,BSBEV,19980313,1998-03-13,1998-04-10,1998-03-16,3,True,3.26,UK,220.0,0.0,220.0,4
10948,CUST_SK_0052,GODOS,19980313,1998-03-13,1998-04-10,1998-03-19,6,True,23.39,Spain,2362.25,0.0,2362.25,53
10949,CUST_SK_0020,BOTTM,19980313,1998-03-13,1998-04-10,1998-03-17,4,True,74.44,Canada,4422.0,0.0,4422.0,108
10950,CUST_SK_0091,MAGAA,19980316,1998-03-16,1998-04-13,1998-03-23,7,True,2.5,Italy,110.0,0.0,110.0,5
10951,CUST_SK_0131,RICSU,19980316,1998-03-16,1998-04-27,1998-04-07,22,True,30.85,Switzerland,482.9,24.159999999999997,458.74,71
10952,CUST_SK_0001,ALFKI,19980316,1998-03-16,1998-04-27,1998-03-24,8,True,40.42,Germany,491.2,20.0,471.2,18
10953,CUST_SK_0006,AROUT,19980316,1998-03-16,1998-03-30,1998-03-25,9,True,23.72,UK,4675.0,233.75,4441.25,100
10954,CUST_SK_0088,LINOD,19980317,1998-03-17,1998-04-28,1998-03-20,3,True,27.91,Venezuela,1902.1,242.57000000000002,1659.53,107
10955,CUST_SK_0042,FOLKO,19980317,1998-03-17,1998-04-14,1998-03-20,3,True,3.26,Sweden,93.0,18.6,74.4,12
10956,CUST_SK_0010,BLAUS,19980317,1998-03-17,1998-04-28,1998-03-20,3,True,44.65,Germany,677.0,0.0,677.0,34
10957,CUST_SK_0064,HILAA,19980318,1998-03-18,1998-04-15,1998-03-27,9,True,105.36,Venezuela,1762.7,0.0,1762.7,78
10958,CUST_SK_0100,OCEAN,19980318,1998-03-18,1998-04-15,1998-03-27,9,True,49.56,Argentina,781.0,0.0,781.0,31
10959,CUST_SK_0054,GOURL,19980318,1998-03-18,1998-04-29,1998-03-23,5,True,4.98,Brazil,155.0,23.25,131.75,20
10960,CUST_SK_0064,HILAA,19980319,1998-03-19,1998-04-02,1998-04-08,20,True,2.08,Venezuela,276.6,11.25,265.35,34
10961,CUST_SK_0117,QUEEN,19980319,1998-03-19,1998-04-16,1998-03-30,11,True,104.47,Brazil,1122.0,2.1,1119.9,66
10962,CUST_SK_0120,QUICK,19980319,1998-03-19,1998-04-16,1998-03-23,4,True,275.79,Germany,3584.0,0.0,3584.0,195
10963,CUST_SK_0049,FURIB,19980319,1998-03-19,1998-04-16,1998-03-26,7,True,2.7,Portugal,68.0,10.2,57.8,2
10964,CUST_SK_0144,SPECD,19980320,1998-03-20,1998-04-17,1998-03-24,4,True,87.38,France,2052.5,0.0,2052.5,21
10965,CUST_SK_0103,OLDWO,19980320,1998-03-20,1998-04-17,1998-03-30,10,True,144.38,USA,848.0,0.0,848.0,16
10966,CUST_SK_0026,CHOPS,19980320,1998-03-20,1998-04-17,1998-04-08,19,True,27.19,Switzerland,1255.6,157.14,1098.46,32
10967,CUST_SK_0152,TOMSP,19980323,1998-03-23,1998-04-20,1998-04-02,10,True,62.22,Germany,910.4,0.0,910.4,52
10968,CUST_SK_0035,ERNSH,19980323,1998-03-23,1998-04-20,1998-04-01,9,True,74.6,Austria,1408.0,0.0,1408.0,64
10969,CUST_SK_0027,COMMI,19980323,1998-03-23,1998-04-20,1998-03-30,7,True,0.21,Brazil,108.0,0.0,108.0,9
10970,CUST_SK_0014,BOLID,19980324,1998-03-24,1998-04-07,1998-04-24,31,True,16.16,Spain,280.0,56.0,224.0,40
10971,CUST_SK_0046,FRANR,19980324,1998-03-24,1998-04-21,1998-04-02,9,True,121.82,France,1733.06,0.0,1733.06,14
10972,CUST_SK_0074,LACOR,19980324,1998-03-24,1998-04-21,1998-03-26,2,True,0.02,France,251.5,0.0,251.5,13
10973,CUST_SK_0074,LACOR,19980324,1998-03-24,1998-04-21,1998-03-27,3,True,15.17,France,291.55,0.0,291.55,21
10974,CUST_SK_0146,SPLIR,19980325,1998-03-25,1998-04-08,1998-04-03,9,True,12.96,USA,439.0,0.0,439.0,10
10975,CUST_SK_0020,BOTTM,19980325,1998-03-25,1998-04-22,1998-03-27,2,True,32.27,Canada,717.5,0.0,717.5,26
10976,CUST_SK_0064,HILAA,19980325,1998-03-25,1998-05-06,1998-04-03,9,True,37.97,Venezuela,912.0,0.0,912.0,20
10977,CUST_SK_0042,FOLKO,19980326,1998-03-26,1998-04-23,1998-04-10,15,True,208.5,Sweden,2233.0,0.0,2233.0,90
10978,CUST_SK_0093,MAISD,19980326,1998-03-26,1998-04-23,1998-04-23,28,True,32.82,Belgium,1500.7,197.5,1303.2,76
10979,CUST_SK_0035,ERNSH,19980326,1998-03-26,1998-04-23,1998-03-31,5,True,353.07,Austria,4813.5,0.0,4813.5,207
10980,CUST_SK_0042,FOLKO,19980327,1998-03-27,1998-05-08,1998-04-17,21,True,1.26,Sweden,310.0,62.0,248.0,40
10981,CUST_SK_0061,HANAR,19980327,1998-03-27,1998-04-24,1998-04-02,6,True,193.37,Brazil,15810.0,0.0,15810.0,60
10982,CUST_SK_0020,BOTTM,19980327,1998-03-27,1998-04-24,1998-04-08,12,True,14.01,Canada,1014.0,0.0,1014.0,29
10983,CUST_SK_0137,SAVEA,19980327,1998-03-27,1998-04-24,1998-04-06,10,True,657.54,USA,796.5,75.6,720.9,99
10984,CUST_SK_0137,SAVEA,19980330,1998-03-30,1998-04-27,1998-04-03,4,True,211.22,USA,1809.75,0.0,1809.75,115
10985,CUST_SK_0068,HUNGO,19980330,1998-03-30,1998-04-27,1998-04-02,3,True,91.51,Ireland,2248.2,224.82,2023.38,79
10986,CUST_SK_0100,OCEAN,19980330,1998-03-30,1998-04-27,1998-04-21,22,True,217.86,Argentina,2220.0,0.0,2220.0,70
10987,CUST_SK_0032,EASTC,19980331,1998-03-31,1998-04-28,1998-04-06,6,True,185.48,UK,2772.0,0.0,2772.0,86
10988,CUST_SK_0124,RATTC,19980331,1998-03-31,1998-04-28,1998-04-10,10,True,61.14,USA,3772.0,197.2,3574.8,100
10989,CUST_SK_0114,QUEDE,19980331,1998-03-31,1998-04-28,1998-04-02,2,True,34.76,Brazil,1353.6,0.0,1353.6,59
10990,CUST_SK_0035,ERNSH,19980401,1998-04-01,1998-05-13,1998-04-07,6,True,117.61,Austria,4931.0,642.15,4288.85,256
10991,CUST_SK_0120,QUICK,19980401,1998-04-01,1998-04-29,1998-04-07,6,True,38.51,Germany,2870.0,574.0,2296.0,160
10992,CUST_SK_0150,THEBI,19980401,1998-04-01,1998-04-29,1998-04-03,2,True,4.27,USA,69.6,0.0,69.6,2
10993,CUST_SK_0042,FOLKO,19980401,1998-04-01,1998-04-29,1998-04-10,9,True,8.81,Sweden,6527.25,1631.8200000000002,4895.43,85
10994,CUST_SK_0160,VAFFE,19980402,1998-04-02,1998-04-16,1998-04-09,7,True,65.53,Denmark,990.0,49.5,940.5,18
10995,CUST_SK_0107,PERIC,19980402,1998-04-02,1998-04-30,1998-04-06,4,True,46.0,Mexico,1196.0,0.0,1196.0,24
10996,CUST_SK_0120,QUICK,19980402,1998-04-02,1998-04-30,1998-04-10,8,True,1.12,Germany,560.0,0.0,560.0,40
10997,CUST_SK_0085,LILAS,19980403,1998-04-03,1998-05-15,1998-04-13,10,True,73.91,Venezuela,1980.0,95.0,1885.0,90
10998,CUST_SK_0175,WOLZA,19980403,1998-04-03,1998-04-17,1998-04-17,14,True,20.31,Poland,686.0,0.0,686.0,69
10999,CUST_SK_0105,OTTIK,19980403,1998-04-03,1998-05-01,1998-04-10,7,True,96.35,Germany,1261.0,63.05,1197.95,56
11000,CUST_SK_0124,RATTC,19980406,1998-04-06,1998-05-04,1998-04-14,8,True,55.12,USA,1075.0,171.25,903.75,85
11001,CUST_SK_0042,FOLKO,19980406,1998-04-06,1998-05-04,1998-04-14,8,True,197.3,Sweden,2769.0,0.0,2769.0,116
11002,CUST_SK_0137,SAVEA,19980406,1998-04-06,1998-05-04,1998-04-16,10,True,141.16,USA,1902.0,90.9,1811.1,135
11003,CUST_SK_0151,THECR,19980406,1998-04-06,1998-05-04,1998-04-08,2,True,14.91,USA,326.0,0.0,326.0,24
11004,CUST_SK_0093,MAISD,19980407,1998-04-07,1998-05-05,1998-04-20,13,True,44.84,Belgium,295.38,0.0,295.38,12
11005,CUST_SK_0174,WILMK,19980407,1998-04-07,1998-05-05,1998-04-10,3,True,0.75,Finland,586.0,0.0,586.0,12
11006,CUST_SK_0057,GREAL,19980407,1998-04-07,1998-05-05,1998-04-15,8,True,25.19,USA,391.58,61.9,329.68,10
11007,CUST_SK_0112,PRINI,19980408,1998-04-08,1998-05-06,1998-04-13,5,True,202.24,Portugal,2633.9,0.0,2633.9,54
11008,CUST_SK_0035,ERNSH,19980408,1998-04-08,1998-05-06,,-1,False,79.46,Austria,4903.5,222.6,4680.9,181
11009,CUST_SK_0052,GODOS,19980408,1998-04-08,1998-05-06,1998-04-10,2,True,59.11,Spain,702.0,85.5,616.5,39
11010,CUST_SK_0126,REGGC,19980409,1998-04-09,1998-05-07,1998-04-21,12,True,28.71,Italy,645.0,0.0,645.0,30
11011,CUST_SK_0001,ALFKI,19980409,1998-04-09,1998-05-07,1998-04-13,4,True,1.21,Germany,960.0,26.5,933.5,60
11012,CUST_SK_0045,FRANK,19980409,1998-04-09,1998-04-23,1998-04-17,8,True,242.95,Germany,2974.0,148.7,2825.3,146
11013,CUST_SK_0132,ROMEY,19980409,1998-04-09,1998-05-07,1998-04-10,1,True,32.99,Spain,361.0,0.0,361.0,36
11014,CUST_SK_0088,LINOD,19980410,1998-04-10,1998-05-08,1998-04-15,5,True,23.6,Venezuela,270.2,27.02,243.18,28
11015,CUST_SK_0134,SANTG,19980410,1998-04-10,1998-04-24,1998-04-20,10,True,4.62,Norway,622.35,0.0,622.35,33
11016,CUST_SK_0006,AROUT,19980410,1998-04-10,1998-05-08,1998-04-13,3,True,33.8,UK,491.5,0.0,491.5,31
11017,CUST_SK_0035,ERNSH,19980413,1998-04-13,1998-05-11,1998-04-20,7,True,754.26,Austria,6750.0,0.0,6750.0,165
11018,CUST_SK_0089,LONEP,19980413,1998-04-13,1998-05-11,1998-04-16,3,True,11.65,USA,1575.0,0.0,1575.0,35
11019,CUST_SK_0121,RANCH,19980413,1998-04-13,1998-05-11,,-1,False,3.17,Argentina,76.0,0.0,76.0,5
11020,CUST_SK_0105,OTTIK,19980414,1998-04-14,1998-05-12,1998-04-16,2,True,43.3,Germany,744.0,111.6,632.4,24
11021,CUST_SK_0120,QUICK,19980414,1998-04-14,1998-05-12,1998-04-21,7,True,297.18,Germany,6941.49,635.25,6306.24,168
11022,CUST_SK_0061,HANAR,19980414,1998-04-14,1998-05-12,1998-05-04,20,True,6.27,Brazil,1402.0,0.0,1402.0,65
11023,CUST_SK_0022,BSBEV,19980414,1998-04-14,1998-04-28,1998-04-24,10,True,123.83,UK,1500.0,0.0,1500.0,34
11024,CUST_SK_0032,EASTC,19980415,1998-04-15,1998-05-13,1998-04-20,5,True,74.36,UK,1966.81,0.0,1966.81,113
11025,CUST_SK_0168,WARTH,19980415,1998-04-15,1998-05-13,1998-04-24,9,True,29.17,Finland,300.0,30.0,270.0,30
11026,CUST_SK_0047,FRANS,19980415,1998-04-15,1998-05-13,1998-04-28,13,True,47.09,Italy,1030.0,0.0,1030.0,18
11027,CUST_SK_0020,BOTTM,19980416,1998-04-16,1998-05-14,1998-04-20,4,True,52.52,Canada,1170.3,292.57,877.73,51
11028,CUST_SK_0073,KOENE,19980416,1998-04-16,1998-05-14,1998-04-22,6,True,29.59,Germany,2160.0,0.0,2160.0,59
11029,CUST_SK_0026,CHOPS,19980416,1998-04-16,1998-05-14,1998-04-27,11,True,47.84,Switzerland,1286.8,0.0,1286.8,32
11030,CUST_SK_0137,SAVEA,19980417,1998-04-17,1998-05-15,1998-04-27,10,True,830.75,USA,16321.9,3706.85,12615.05,330
11031,CUST_SK_0137,SAVEA,19980417,1998-04-17,1998-05-15,1998-04-24,7,True,227.22,USA,2393.5,0.0,2393.5,182
11032,CUST_SK_0173,WHITC,19980417,1998-04-17,1998-05-15,1998-04-23,6,True,606.19,USA,8902.5,0.0,8902.5,90
11033,CUST_SK_0131,RICSU,19980417,1998-04-17,1998-05-15,1998-04-23,6,True,84.74,Switzerland,3592.0,359.2,3232.8,106
11034,CUST_SK_0103,OLDWO,19980420,1998-04-20,1998-06-01,1998-04-27,7,True,40.32,USA,554.4,15.0,539.4,33
11035,CUST_SK_0149,SUPRD,19980420,1998-04-20,1998-05-18,1998-04-24,4,True,0.17,Belgium,1754.5,0.0,1754.5,110
11036,CUST_SK_0029,DRACD,19980420,1998-04-20,1998-05-18,1998-04-22,2,True,149.47,Germany,1692.0,0.0,1692.0,37
11037,CUST_SK_0052,GODOS,19980421,1998-04-21,1998-05-19,1998-04-27,6,True,3.2,Spain,60.0,0.0,60.0,4
11038,CUST_SK_0149,SUPRD,19980421,1998-04-21,1998-05-19,1998-04-30,9,True,29.59,Belgium,751.0,18.4,732.6,37
11039,CUST_SK_0088,LINOD,19980421,1998-04-21,1998-05-19,,-1,False,65.0,Venezuela,3090.0,0.0,3090.0,132
11040,CUST_SK_0057,GREAL,19980422,1998-04-22,1998-05-20,,-1,False,18.84,USA,200.0,0.0,200.0,20
11041,CUST_SK_0026,CHOPS,19980422,1998-04-22,1998-05-20,1998-04-28,6,True,48.22,Switzerland,1887.0,114.0,1773.0,60
11042,CUST_SK_0027,COMMI,19980422,1998-04-22,1998-05-06,1998-05-01,9,True,29.99,Brazil,405.75,0.0,405.75,19
11043,CUST_SK_0144,SPECD,19980422,1998-04-22,1998-05-20,1998-04-29,7,True,8.8,France,210.0,0.0,210.0,10
11044,CUST_SK_0175,WOLZA,19980423,1998-04-23,1998-05-21,1998-05-01,8,True,8.72,Poland,591.6,0.0,591.6,12
11045,CUST_SK_0020,BOTTM,19980423,1998-04-23,1998-05-21,,-1,False,70.58,Canada,1309.5,0.0,1309.5,39
11046,CUST_SK_0165,WANDK,19980423,1998-04-23,1998-05-21,1998-04-24,1,True,71.64,Germany,1564.0,78.2,1485.8,53
11047,CUST_SK_0032,EASTC,19980424,1998-04-24,1998-05-22,1998-05-01,7,True,46.62,UK,1090.5,272.62,817.88,55
11048,CUST_SK_0020,BOTTM,19980424,1998-04-24,1998-05-22,1998-04-30,6,True,24.12,Canada,525.0,0.0,525.0,42
11049,CUST_SK_0054,GOURL,19980424,1998-04-24,1998-05-22,1998-05-04,10,True,8.34,Brazil,342.0,68.4,273.6,14
11050,CUST_SK_0042,FOLKO,19980427,1998-04-27,1998-05-25,1998-05-05,8,True,59.41,Sweden,900.0,90.0,810.0,50
11051,CUST_SK_0076,LAMAI,19980427,1998-04-27,1998-05-25,,-1,False,2.79,France,45.0,9.0,36.0,10
11052,CUST_SK_0061,HANAR,19980427,1998-04-27,1998-05-25,1998-05-01,4,True,67.26,Brazil,1665.0,333.0,1332.0,40
11053,CUST_SK_0110,PICCO,19980427,1998-04-27,1998-05-25,1998-04-29,2,True,53.05,Austria,3658.75,603.75,3055.0,80
11054,CUST_SK_0023,CACTU,19980428,1998-04-28,1998-05-26,,-1,False,0.33,Argentina,305.0,0.0,305.0,30
11055,CUST_SK_0064,HILAA,19980428,1998-04-28,1998-05-26,1998-05-05,7,True,120.92,Venezuela,1727.5,0.0,1727.5,70
11056,CUST_SK_0032,EASTC,19980428,1998-04-28,1998-05-12,1998-05-01,3,True,278.96,UK,3740.0,0.0,3740.0,125
11057,CUST_SK_0099,NORTS,19980429,1998-04-29,1998-05-27,1998-05-01,2,True,4.13,UK,45.0,0.0,45.0,3
11058,CUST_SK_0010,BLAUS,19980429,1998-04-29,1998-05-27,,-1,False,31.14,Germany,858.0,0.0,858.0,28
11059,CUST_SK_0128,RICAR,19980429,1998-04-29,1998-06-10,,-1,False,85.8,Brazil,1838.0,0.0,1838.0,77
11060,CUST_SK_0047,FRANS,19980430,1998-04-30,1998-05-28,1998-05-04,4,True,10.98,Italy,266.0,0.0,266.0,14
11061,CUST_SK_0057,GREAL,19980430,1998-04-30,1998-06-11,,-1,False,14.01,USA,510.0,0.0,510.0,15
11062,CUST_SK_0126,REGGC,19980430,1998-04-30,1998-05-28,,-1,False,29.93,Italy,508.0,101.6,406.4,22
11063,CUST_SK_0068,HUNGO,19980430,1998-04-30,1998-05-28,1998-05-06,6,True,81.73,Ireland,1445.5,102.55,1342.95,100
11064,CUST_SK_0137,SAVEA,19980501,1998-05-01,1998-05-29,1998-05-04,3,True,30.09,USA,4722.3,391.90000000000003,4330.4,173
11065,CUST_SK_0085,LILAS,19980501,1998-05-01,1998-05-29,,-1,False,12.91,Venezuela,252.56,63.14,189.42,24
11066,CUST_SK_0173,WHITC,19980501,1998-05-01,1998-05-29,1998-05-04,3,True,44.72,USA,928.75,0.0,928.75,80
11067,CUST_SK_0029,DRACD,19980504,1998-05-04,1998-05-18,1998-05-06,2,True,7.98,Germany,86.85,0.0,86.85,9
11068,CUST_SK_0117,QUEEN,19980504,1998-05-04,1998-06-01,,-1,False,81.75,Brazil,2384.8,357.72,2027.08,72
11069,CUST_SK_0154,TORTU,19980504,1998-05-04,1998-06-01,1998-05-06,2,True,15.67,Mexico,360.0,0.0,360.0,20
11070,CUST_SK_0081,LEHMS,19980505,1998-05-05,1998-06-02,,-1,False,136.0,Germany,1873.5,243.51999999999998,1629.98,110
11071,CUST_SK_0085,LILAS,19980505,1998-05-05,1998-06-02,,-1,False,0.93,Venezuela,510.0,25.5,484.5,25
11072,CUST_SK_0035,ERNSH,19980505,1998-05-05,1998-06-02,,-1,False,258.64,Austria,5218.0,0.0,5218.0,200
11073,CUST_SK_0107,PERIC,19980505,1998-05-05,1998-06-02,,-1,False,24.95,Mexico,300.0,0.0,300.0,30
11074,CUST_SK_0143,SIMOB,19980506,1998-05-06,1998-06-03,,-1,False,18.44,Denmark,244.3,12.22,232.08,14
11075,CUST_SK_0131,RICSU,19980506,1998-05-06,1998-06-03,,-1,False,6.19,Switzerland,586.0,87.9,498.1,42
11076,CUST_SK_0017,BONAP,19980506,1998-05-06,1998-06-03,,-1,False,38.28,France,1057.0,264.25,792.75,50
11077,CUST_SK_0124,RATTC,19980506,1998-05-06,1998-06-03,,-1,False,8.53,USA,1374.6,118.89,1255.71,72
